Store,Dept,Date,forecast,method
26,48,2012-11-02,629.7491416712758,LightGBM
26,48,2012-11-09,677.3478963129085,LightGBM
26,48,2012-11-16,681.9124854254189,LightGBM
26,48,2012-11-23,866.5610482197939,LightGBM
10,18,2012-11-02,23507.704567616503,LightGBM
10,18,2012-11-09,24172.103241524965,LightGBM
10,18,2012-11-16,20500.07497088072,LightGBM
10,18,2012-11-23,28888.665235665394,LightGBM
13,47,2012-11-02,0.0,LightGBM
13,47,2012-11-09,0.0,LightGBM
13,47,2012-11-16,0.0,LightGBM
13,47,2012-11-23,0.0,LightGBM
15,48,2012-11-02,11.340072752098393,LightGBM
15,48,2012-11-09,11.340072752098393,LightGBM
15,48,2012-11-16,11.340072752098393,LightGBM
15,48,2012-11-23,11.340072752098393,LightGBM
15,94,2012-11-02,153.10109980222464,LightGBM
15,94,2012-11-09,153.10109980222464,LightGBM
15,94,2012-11-16,153.10109980222464,LightGBM
15,94,2012-11-23,153.10109980222464,LightGBM
16,48,2012-11-02,928.9265307660129,LightGBM
16,48,2012-11-09,1139.267764092134,LightGBM
16,48,2012-11-16,1325.317114244884,LightGBM
16,48,2012-11-23,1336.8813228054416,LightGBM
16,94,2012-11-02,1201.9185683933945,LightGBM
16,94,2012-11-09,1036.2639865660708,LightGBM
16,94,2012-11-16,1036.2639865660708,LightGBM
16,94,2012-11-23,1036.2639865660708,LightGBM
17,77,2012-11-02,0.0,LightGBM
17,77,2012-11-09,0.0,LightGBM
17,77,2012-11-16,0.0,LightGBM
17,77,2012-11-23,45.81050453924151,LightGBM
19,77,2012-11-02,0.0,LightGBM
19,77,2012-11-09,0.0,LightGBM
19,77,2012-11-16,0.0,LightGBM
19,77,2012-11-23,12.577266234926249,LightGBM
19,99,2012-11-02,0.0,LightGBM
19,99,2012-11-09,0.0,LightGBM
19,99,2012-11-16,0.0,LightGBM
19,99,2012-11-23,1225.6254265763564,LightGBM
22,19,2012-11-02,2137.810382790337,LightGBM
22,19,2012-11-09,2152.9252221859847,LightGBM
22,19,2012-11-16,2152.9252221859847,LightGBM
22,19,2012-11-23,2106.2371770761406,LightGBM
27,99,2012-11-02,0.0,LightGBM
27,99,2012-11-09,0.0,LightGBM
27,99,2012-11-16,0.0,LightGBM
27,99,2012-11-23,1351.8079941840876,LightGBM
29,77,2012-11-02,0.0,LightGBM
29,77,2012-11-09,0.0,LightGBM
29,77,2012-11-16,0.0,LightGBM
29,77,2012-11-23,0.0,LightGBM
31,77,2012-11-02,0.0,LightGBM
31,77,2012-11-09,0.0,LightGBM
31,77,2012-11-16,0.0,LightGBM
31,77,2012-11-23,39.78306265864486,LightGBM
31,99,2012-11-02,0.0,LightGBM
31,99,2012-11-09,0.0,LightGBM
31,99,2012-11-16,0.0,LightGBM
31,99,2012-11-23,30.699448675152006,LightGBM
34,99,2012-11-02,0.0,LightGBM
34,99,2012-11-09,0.0,LightGBM
34,99,2012-11-16,0.0,LightGBM
34,99,2012-11-23,516.6659307022775,LightGBM
36,5,2012-11-02,291.3432233947267,LightGBM
36,5,2012-11-09,291.3432233947267,LightGBM
36,5,2012-11-16,291.3432233947267,LightGBM
36,5,2012-11-23,291.3432233947267,LightGBM
40,58,2012-11-02,5776.241021010318,LightGBM
40,58,2012-11-09,4325.368405122289,LightGBM
40,58,2012-11-16,4422.211471061324,LightGBM
40,58,2012-11-23,4405.519758012917,LightGBM
41,19,2012-11-02,2044.1898081780744,LightGBM
41,19,2012-11-09,2152.674503329798,LightGBM
41,19,2012-11-16,3048.6620077594957,LightGBM
41,19,2012-11-23,2465.679637151533,LightGBM
41,48,2012-11-02,3004.580724121261,LightGBM
41,48,2012-11-09,3036.9497704732994,LightGBM
41,48,2012-11-16,2807.4704523637965,LightGBM
41,48,2012-11-23,4134.798931090258,LightGBM
43,18,2012-11-02,1063.4848932135053,LightGBM
43,18,2012-11-09,963.7125414591934,LightGBM
43,18,2012-11-16,879.3548244419859,LightGBM
43,18,2012-11-23,789.5673617551305,LightGBM
43,56,2012-11-02,153.2993020892705,LightGBM
43,56,2012-11-09,162.1402611426493,LightGBM
43,56,2012-11-16,175.62974282366636,LightGBM
43,56,2012-11-23,189.68523747365305,LightGBM
7,19,2012-11-02,4.457138307348569,LightGBM
7,19,2012-11-09,4.457138307348569,LightGBM
7,19,2012-11-16,4.457138307348569,LightGBM
7,19,2012-11-23,4.457138307348569,LightGBM
7,48,2012-11-02,2418.750871745129,LightGBM
7,48,2012-11-09,2467.53327762043,LightGBM
7,48,2012-11-16,2515.338790928871,LightGBM
7,48,2012-11-23,2726.7562781490756,LightGBM
8,99,2012-11-02,202.51637672117246,LightGBM
8,99,2012-11-09,224.84681745556838,LightGBM
8,99,2012-11-16,224.84681745556838,LightGBM
8,99,2012-11-23,1103.0563578554193,LightGBM
26,50,2012-11-02,52.48226228891641,LightGBM
26,50,2012-11-09,0.0,LightGBM
26,50,2012-11-16,19.893726818848172,LightGBM
26,50,2012-11-23,0.0,LightGBM
18,77,2012-11-02,0.0,LightGBM
18,77,2012-11-09,0.0,LightGBM
18,77,2012-11-16,0.0,LightGBM
18,77,2012-11-23,51.03910833631894,LightGBM
27,77,2012-11-02,4.238713646395182,LightGBM
27,77,2012-11-09,4.238713646395182,LightGBM
27,77,2012-11-16,4.238713646395182,LightGBM
27,77,2012-11-23,10.200059843057385,LightGBM
5,77,2012-11-02,0.0,LightGBM
5,77,2012-11-09,0.0,LightGBM
5,77,2012-11-16,0.0,LightGBM
5,77,2012-11-23,39.01049189070784,LightGBM
8,77,2012-11-02,0.0,LightGBM
8,77,2012-11-09,0.0,LightGBM
8,77,2012-11-16,0.0,LightGBM
8,77,2012-11-23,0.0,LightGBM
9,77,2012-11-02,4.591807856353986,LightGBM
9,77,2012-11-09,4.591807856353986,LightGBM
9,77,2012-11-16,4.591807856353986,LightGBM
9,77,2012-11-23,62.870855795244616,LightGBM
34,77,2012-11-02,0.0,LightGBM
34,77,2012-11-09,0.0,LightGBM
34,77,2012-11-16,0.0,LightGBM
34,77,2012-11-23,37.3901959332341,LightGBM
23,94,2012-11-02,0.0,LightGBM
23,94,2012-11-09,0.0,LightGBM
23,94,2012-11-16,0.0,LightGBM
23,94,2012-11-23,0.0,LightGBM
10,94,2012-11-02,601.1529653969295,LightGBM
10,94,2012-11-09,478.412940133839,LightGBM
10,94,2012-11-16,425.54325361555277,LightGBM
10,94,2012-11-23,351.73484030312727,LightGBM
11,19,2012-11-02,2728.7403824649673,LightGBM
11,19,2012-11-09,2114.100004592151,LightGBM
11,19,2012-11-16,1954.7352620306597,LightGBM
11,19,2012-11-23,2525.9316378163876,LightGBM
13,99,2012-11-02,0.0,LightGBM
13,99,2012-11-09,0.0,LightGBM
13,99,2012-11-16,0.0,LightGBM
13,99,2012-11-23,3488.554329758958,LightGBM
15,18,2012-11-02,9202.14731299275,LightGBM
15,18,2012-11-09,13705.823426288829,LightGBM
15,18,2012-11-16,18805.592260683938,LightGBM
15,18,2012-11-23,31610.80314121979,LightGBM
16,18,2012-11-02,10807.915266018128,LightGBM
16,18,2012-11-09,10728.380296122363,LightGBM
16,18,2012-11-16,10831.094593999409,LightGBM
16,18,2012-11-23,13785.972883133541,LightGBM
16,93,2012-11-02,911.0376480433044,LightGBM
16,93,2012-11-09,928.774417472554,LightGBM
16,93,2012-11-16,928.774417472554,LightGBM
16,93,2012-11-23,915.5853503288015,LightGBM
17,96,2012-11-02,722.8461181637645,LightGBM
17,96,2012-11-09,722.8461181637645,LightGBM
17,96,2012-11-16,722.8461181637645,LightGBM
17,96,2012-11-23,722.8461181637645,LightGBM
20,19,2012-11-02,209.0257690303738,LightGBM
20,19,2012-11-09,209.0257690303738,LightGBM
20,19,2012-11-16,209.0257690303738,LightGBM
20,19,2012-11-23,233.56111094093205,LightGBM
21,94,2012-11-02,508.4747564559075,LightGBM
21,94,2012-11-09,508.4747564559075,LightGBM
21,94,2012-11-16,521.4030627567847,LightGBM
21,94,2012-11-23,521.4030627567847,LightGBM
29,58,2012-11-02,4.149442105153954,LightGBM
29,58,2012-11-09,4.149442105153954,LightGBM
29,58,2012-11-16,5.231597333868833,LightGBM
29,58,2012-11-23,5.231597333868833,LightGBM
29,60,2012-11-02,350.01572173202635,LightGBM
29,60,2012-11-09,360.3300248798172,LightGBM
29,60,2012-11-16,350.01572173202635,LightGBM
29,60,2012-11-23,360.3300248798172,LightGBM
30,18,2012-11-02,997.4978290283792,LightGBM
30,18,2012-11-09,910.9030728555957,LightGBM
30,18,2012-11-16,736.7578931515328,LightGBM
30,18,2012-11-23,719.192159881238,LightGBM
31,60,2012-11-02,268.2322460488486,LightGBM
31,60,2012-11-09,248.2929553788217,LightGBM
31,60,2012-11-16,243.81147880413198,LightGBM
31,60,2012-11-23,194.77491075180498,LightGBM
34,58,2012-11-02,1.9942738305303511,LightGBM
34,58,2012-11-09,1.9942738305303511,LightGBM
34,58,2012-11-16,1.9942738305303511,LightGBM
34,58,2012-11-23,1.9942738305303511,LightGBM
36,87,2012-11-02,0.0,LightGBM
36,87,2012-11-09,0.0,LightGBM
36,87,2012-11-16,0.0,LightGBM
36,87,2012-11-23,0.0,LightGBM
40,99,2012-11-02,0.0,LightGBM
40,99,2012-11-09,0.0,LightGBM
40,99,2012-11-16,0.0,LightGBM
40,99,2012-11-23,56.07153124662859,LightGBM
42,18,2012-11-02,1141.1797955017507,LightGBM
42,18,2012-11-09,1023.87290388136,LightGBM
42,18,2012-11-16,986.0649391115716,LightGBM
42,18,2012-11-23,1003.5020076816736,LightGBM
42,56,2012-11-02,195.3869008591723,LightGBM
42,56,2012-11-09,217.71734159356836,LightGBM
42,56,2012-11-16,217.71734159356836,LightGBM
42,56,2012-11-23,217.71734159356836,LightGBM
3,94,2012-11-02,313.58221004575023,LightGBM
3,94,2012-11-09,313.58221004575023,LightGBM
3,94,2012-11-16,313.58221004575023,LightGBM
3,94,2012-11-23,313.58221004575023,LightGBM
4,77,2012-11-02,0.0,LightGBM
4,77,2012-11-09,0.0,LightGBM
4,77,2012-11-16,0.0,LightGBM
4,77,2012-11-23,51.191578135309356,LightGBM
4,99,2012-11-02,0.0,LightGBM
4,99,2012-11-09,0.0,LightGBM
4,99,2012-11-16,0.0,LightGBM
4,99,2012-11-23,0.0,LightGBM
7,18,2012-11-02,9363.312741907135,LightGBM
7,18,2012-11-09,12598.728917127079,LightGBM
7,18,2012-11-16,12858.818871548428,LightGBM
7,18,2012-11-23,20596.95142592812,LightGBM
40,77,2012-11-02,6.8760972912308125,LightGBM
40,77,2012-11-09,6.8760972912308125,LightGBM
40,77,2012-11-16,6.8760972912308125,LightGBM
40,77,2012-11-23,12.837443487893012,LightGBM
12,77,2012-11-02,0.0,LightGBM
12,77,2012-11-09,0.0,LightGBM
12,77,2012-11-16,0.0,LightGBM
12,77,2012-11-23,0.0,LightGBM
13,77,2012-11-02,0.0,LightGBM
13,77,2012-11-09,0.0,LightGBM
13,77,2012-11-16,0.0,LightGBM
13,77,2012-11-23,76.82325584911365,LightGBM
24,99,2012-11-02,0.0,LightGBM
24,99,2012-11-09,0.0,LightGBM
24,99,2012-11-16,0.0,LightGBM
24,99,2012-11-23,1345.8829542733297,LightGBM
25,60,2012-11-02,222.09720788424417,LightGBM
25,60,2012-11-09,223.65760344587264,LightGBM
25,60,2012-11-16,213.34330029808172,LightGBM
25,60,2012-11-23,213.34330029808172,LightGBM
26,77,2012-11-02,0.0,LightGBM
26,77,2012-11-09,0.0,LightGBM
26,77,2012-11-16,0.0,LightGBM
26,77,2012-11-23,7.308174435398334,LightGBM
26,99,2012-11-02,0.0,LightGBM
26,99,2012-11-09,0.0,LightGBM
26,99,2012-11-16,0.0,LightGBM
26,99,2012-11-23,37.92646885325552,LightGBM
11,60,2012-11-02,188.99411359673005,LightGBM
11,60,2012-11-09,187.91195836801515,LightGBM
11,60,2012-11-16,188.99411359673005,LightGBM
11,60,2012-11-23,187.91195836801515,LightGBM
14,99,2012-11-02,3.9007023044607436,LightGBM
14,99,2012-11-09,0.6100856340620142,LightGBM
14,99,2012-11-16,0.6100856340620142,LightGBM
14,99,2012-11-23,0.0,LightGBM
15,77,2012-11-02,0.0,LightGBM
15,77,2012-11-09,0.0,LightGBM
15,77,2012-11-16,0.0,LightGBM
15,77,2012-11-23,8.313361140401952,LightGBM
16,83,2012-11-02,213.6022775744714,LightGBM
16,83,2012-11-09,213.6022775744714,LightGBM
16,83,2012-11-16,213.6022775744714,LightGBM
16,83,2012-11-23,213.6022775744714,LightGBM
17,94,2012-11-02,1744.0316730922677,LightGBM
17,94,2012-11-09,1543.0377400165605,LightGBM
17,94,2012-11-16,1407.5922291004294,LightGBM
17,94,2012-11-23,1300.7615478406547,LightGBM
19,48,2012-11-02,15.603977846622707,LightGBM
19,48,2012-11-09,15.603977846622707,LightGBM
19,48,2012-11-16,15.603977846622707,LightGBM
19,48,2012-11-23,15.603977846622707,LightGBM
29,94,2012-11-02,228.31757548269718,LightGBM
29,94,2012-11-09,233.71325857109474,LightGBM
29,94,2012-11-16,237.07148306885938,LightGBM
29,94,2012-11-23,237.07148306885938,LightGBM
32,99,2012-11-02,325.35157842689813,LightGBM
32,99,2012-11-09,431.44115791052496,LightGBM
32,99,2012-11-16,452.00566902390534,LightGBM
32,99,2012-11-23,1271.2383311503488,LightGBM
35,94,2012-11-02,159.83793848943296,LightGBM
35,94,2012-11-09,159.83793848943296,LightGBM
35,94,2012-11-16,159.83793848943296,LightGBM
35,94,2012-11-23,159.83793848943296,LightGBM
38,18,2012-11-02,1080.1159297247723,LightGBM
38,18,2012-11-09,883.6457067415672,LightGBM
38,18,2012-11-16,993.2041893560237,LightGBM
38,18,2012-11-23,892.1280615714747,LightGBM
39,99,2012-11-02,0.0,LightGBM
39,99,2012-11-09,0.0,LightGBM
39,99,2012-11-16,0.0,LightGBM
39,99,2012-11-23,70.92894994327138,LightGBM
41,77,2012-11-02,2.335580053766501,LightGBM
41,77,2012-11-09,2.335580053766501,LightGBM
41,77,2012-11-16,2.335580053766501,LightGBM
41,77,2012-11-23,60.61462799265713,LightGBM
41,99,2012-11-02,425.4208308323906,LightGBM
41,99,2012-11-09,581.0294353639124,LightGBM
41,99,2012-11-16,748.3334661557421,LightGBM
41,99,2012-11-23,1909.895309824353,LightGBM
1,96,2012-11-02,39258.59357199857,LightGBM
1,96,2012-11-09,32964.486420444446,LightGBM
1,96,2012-11-16,34663.83407232844,LightGBM
1,96,2012-11-23,40300.54527624568,LightGBM
2,99,2012-11-02,0.0,LightGBM
2,99,2012-11-09,0.0,LightGBM
2,99,2012-11-16,0.0,LightGBM
2,99,2012-11-23,63.29091047768012,LightGBM
5,94,2012-11-02,323.40481189227955,LightGBM
5,94,2012-11-09,323.40481189227955,LightGBM
5,94,2012-11-16,323.40481189227955,LightGBM
5,94,2012-11-23,323.40481189227955,LightGBM
6,60,2012-11-02,298.06497058802967,LightGBM
6,60,2012-11-09,298.06497058802967,LightGBM
6,60,2012-11-16,298.06497058802967,LightGBM
6,60,2012-11-23,298.06497058802967,LightGBM
9,48,2012-11-02,896.3699750741044,LightGBM
9,48,2012-11-09,1075.7108751362177,LightGBM
9,48,2012-11-16,1270.4926712005833,LightGBM
9,48,2012-11-23,1283.6817383443358,LightGBM
9,94,2012-11-02,193.9823220861663,LightGBM
9,94,2012-11-09,185.86001275922217,LightGBM
9,94,2012-11-16,185.86001275922217,LightGBM
9,94,2012-11-23,185.86001275922217,LightGBM
24,77,2012-11-02,0.0,LightGBM
24,77,2012-11-09,0.0,LightGBM
24,77,2012-11-16,0.0,LightGBM
24,77,2012-11-23,0.0,LightGBM
7,77,2012-11-02,6.8760972912308125,LightGBM
7,77,2012-11-09,6.8760972912308125,LightGBM
7,77,2012-11-16,6.8760972912308125,LightGBM
7,77,2012-11-23,44.45035624827989,LightGBM
14,77,2012-11-02,6.074123970676311,LightGBM
14,77,2012-11-09,6.074123970676311,LightGBM
14,77,2012-11-16,6.074123970676311,LightGBM
14,77,2012-11-23,7.605971895047606,LightGBM
39,77,2012-11-02,3.75362319306163,LightGBM
39,77,2012-11-09,3.75362319306163,LightGBM
39,77,2012-11-16,3.75362319306163,LightGBM
39,77,2012-11-23,24.747846791971654,LightGBM
22,77,2012-11-02,6.8760972912308125,LightGBM
22,77,2012-11-09,6.8760972912308125,LightGBM
22,77,2012-11-16,6.8760972912308125,LightGBM
22,77,2012-11-23,12.837443487893012,LightGBM
16,77,2012-11-02,0.0,LightGBM
16,77,2012-11-09,0.0,LightGBM
16,77,2012-11-16,0.0,LightGBM
16,77,2012-11-23,0.0,LightGBM
32,77,2012-11-02,0.0,LightGBM
32,77,2012-11-09,0.0,LightGBM
32,77,2012-11-16,0.0,LightGBM
32,77,2012-11-23,39.5427106929344,LightGBM
2,77,2012-11-02,4.238713646395182,LightGBM
2,77,2012-11-09,4.238713646395182,LightGBM
2,77,2012-11-16,4.238713646395182,LightGBM
2,77,2012-11-23,58.207340753367156,LightGBM
23,77,2012-11-02,0.0,LightGBM
23,77,2012-11-09,0.0,LightGBM
23,77,2012-11-16,0.0,LightGBM
23,77,2012-11-23,74.67853135796122,LightGBM
25,77,2012-11-02,0.0,LightGBM
25,77,2012-11-09,0.0,LightGBM
25,77,2012-11-16,0.0,LightGBM
25,77,2012-11-23,5.046870259322615,LightGBM
11,77,2012-11-02,5.720768381325522,LightGBM
11,77,2012-11-09,5.720768381325522,LightGBM
11,77,2012-11-16,5.720768381325522,LightGBM
11,77,2012-11-23,11.682114577987722,LightGBM
11,99,2012-11-02,0.0,LightGBM
11,99,2012-11-09,0.0,LightGBM
11,99,2012-11-16,0.0,LightGBM
11,99,2012-11-23,1301.102398407702,LightGBM
16,58,2012-11-02,1572.349809367801,LightGBM
16,58,2012-11-09,1572.349809367801,LightGBM
16,58,2012-11-16,1572.349809367801,LightGBM
16,58,2012-11-23,1572.349809367801,LightGBM
17,18,2012-11-02,21791.41915638877,LightGBM
17,18,2012-11-09,16589.418075272162,LightGBM
17,18,2012-11-16,17577.0987544802,LightGBM
17,18,2012-11-23,21791.41915638877,LightGBM
20,99,2012-11-02,0.0,LightGBM
20,99,2012-11-09,0.0,LightGBM
20,99,2012-11-16,0.0,LightGBM
20,99,2012-11-23,3585.282329740994,LightGBM
28,99,2012-11-02,0.0,LightGBM
28,99,2012-11-09,0.0,LightGBM
28,99,2012-11-16,0.0,LightGBM
28,99,2012-11-23,50.02326298589884,LightGBM
33,18,2012-11-02,659.2243777713657,LightGBM
33,18,2012-11-09,633.6912840106748,LightGBM
33,18,2012-11-16,633.6912840106748,LightGBM
33,18,2012-11-23,659.2243777713657,LightGBM
33,56,2012-11-02,0.0,LightGBM
33,56,2012-11-09,0.0,LightGBM
33,56,2012-11-16,0.0,LightGBM
33,56,2012-11-23,0.0,LightGBM
36,18,2012-11-02,473.0210586430159,LightGBM
36,18,2012-11-09,443.08631930199306,LightGBM
36,18,2012-11-16,443.08631930199306,LightGBM
36,18,2012-11-23,443.08631930199306,LightGBM
36,55,2012-11-02,0.0,LightGBM
36,55,2012-11-09,0.0,LightGBM
36,55,2012-11-16,0.0,LightGBM
36,55,2012-11-23,0.0,LightGBM
36,56,2012-11-02,0.0,LightGBM
36,56,2012-11-09,0.0,LightGBM
36,56,2012-11-16,0.0,LightGBM
36,56,2012-11-23,0.0,LightGBM
37,18,2012-11-02,967.7151210041736,LightGBM
37,18,2012-11-09,867.9427692498614,LightGBM
37,18,2012-11-16,790.5902911010309,LightGBM
37,18,2012-11-23,769.5473086480191,LightGBM
39,60,2012-11-02,466.3613686618492,LightGBM
39,60,2012-11-09,466.3613686618492,LightGBM
39,60,2012-11-16,466.3613686618492,LightGBM
39,60,2012-11-23,466.3613686618492,LightGBM
43,5,2012-11-02,740.7560196449708,LightGBM
43,5,2012-11-09,888.909059597628,LightGBM
43,5,2012-11-16,866.1566919947982,LightGBM
43,5,2012-11-23,866.1566919947982,LightGBM
43,59,2012-11-02,0.0,LightGBM
43,59,2012-11-09,0.0,LightGBM
43,59,2012-11-16,0.0,LightGBM
43,59,2012-11-23,0.0,LightGBM
44,18,2012-11-02,882.6397042049514,LightGBM
44,18,2012-11-09,742.4529722210079,LightGBM
44,18,2012-11-16,704.2869669213081,LightGBM
44,18,2012-11-23,547.5273953394641,LightGBM
1,99,2012-11-02,0.0,LightGBM
1,99,2012-11-09,0.0,LightGBM
1,99,2012-11-16,0.0,LightGBM
1,99,2012-11-23,7.8051499386057,LightGBM
5,18,2012-11-02,4347.711704384435,LightGBM
5,18,2012-11-09,1734.5965577023708,LightGBM
5,18,2012-11-16,2921.6648884814317,LightGBM
5,18,2012-11-23,4230.9168826246305,LightGBM
5,97,2012-11-02,657.5915340445121,LightGBM
5,97,2012-11-09,699.4956320456956,LightGBM
5,97,2012-11-16,664.5450503811145,LightGBM
5,97,2012-11-23,667.4312487648311,LightGBM
6,99,2012-11-02,0.0,LightGBM
6,99,2012-11-09,0.0,LightGBM
6,99,2012-11-16,0.0,LightGBM
6,99,2012-11-23,19.886056238224533,LightGBM
7,58,2012-11-02,1809.2024001483987,LightGBM
7,58,2012-11-09,2119.690937878068,LightGBM
7,58,2012-11-16,2297.5962531304267,LightGBM
7,58,2012-11-23,2149.7029669652457,LightGBM
9,97,2012-11-02,7.912687620232175,LightGBM
9,97,2012-11-09,4.622070949833448,LightGBM
9,97,2012-11-16,4.622070949833448,LightGBM
9,97,2012-11-23,4.622070949833448,LightGBM
45,77,2012-11-02,0.0,LightGBM
45,77,2012-11-09,0.0,LightGBM
45,77,2012-11-16,0.0,LightGBM
45,77,2012-11-23,0.0,LightGBM
20,77,2012-11-02,0.0,LightGBM
20,77,2012-11-09,0.0,LightGBM
20,77,2012-11-16,0.0,LightGBM
20,77,2012-11-23,78.1360194108584,LightGBM
28,77,2012-11-02,0.0,LightGBM
28,77,2012-11-09,0.0,LightGBM
28,77,2012-11-16,0.0,LightGBM
28,77,2012-11-23,0.0,LightGBM
1,77,2012-11-02,0.0,LightGBM
1,77,2012-11-09,0.0,LightGBM
1,77,2012-11-16,0.0,LightGBM
1,77,2012-11-23,47.84693131931744,LightGBM
3,77,2012-11-02,6.8760972912308125,LightGBM
3,77,2012-11-09,6.8760972912308125,LightGBM
3,77,2012-11-16,6.8760972912308125,LightGBM
3,77,2012-11-23,87.91988701888964,LightGBM
6,77,2012-11-02,151.95845918010176,LightGBM
6,77,2012-11-09,167.76955663458128,LightGBM
6,77,2012-11-16,173.2076610766483,LightGBM
6,77,2012-11-23,340.17502600450797,LightGBM
10,77,2012-11-02,6.859397003063855,LightGBM
10,77,2012-11-09,0.0,LightGBM
10,77,2012-11-16,6.859397003063855,LightGBM
10,77,2012-11-23,349.98245110697405,LightGBM
21,77,2012-11-02,5.721029760717508,LightGBM
21,77,2012-11-09,5.721029760717508,LightGBM
21,77,2012-11-16,5.721029760717508,LightGBM
21,77,2012-11-23,11.682375957379708,LightGBM
22,48,2012-11-02,0.0,Seasonal_Naive
22,48,2012-11-09,0.0,Seasonal_Naive
22,48,2012-11-16,0.0,Seasonal_Naive
22,48,2012-11-23,0.0,Seasonal_Naive
22,51,2012-11-02,0.0,Seasonal_Naive
22,51,2012-11-09,0.0,Seasonal_Naive
22,51,2012-11-16,0.0,Seasonal_Naive
22,51,2012-11-23,0.0,Seasonal_Naive
25,45,2012-11-02,0.0,Seasonal_Naive
25,45,2012-11-09,23.94,Seasonal_Naive
25,45,2012-11-16,0.0,Seasonal_Naive
25,45,2012-11-23,0.0,Seasonal_Naive
26,51,2012-11-02,0.0,Seasonal_Naive
26,51,2012-11-09,0.0,Seasonal_Naive
26,51,2012-11-16,0.0,Seasonal_Naive
26,51,2012-11-23,0.0,Seasonal_Naive
10,45,2012-11-02,11.97,Seasonal_Naive
10,45,2012-11-09,95.76,Seasonal_Naive
10,45,2012-11-16,59.85,Seasonal_Naive
10,45,2012-11-23,11.97,Seasonal_Naive
11,45,2012-11-02,5.97,Seasonal_Naive
11,45,2012-11-09,0.0,Seasonal_Naive
11,45,2012-11-16,35.82,Seasonal_Naive
11,45,2012-11-23,23.88,Seasonal_Naive
12,49,2012-11-02,0.0,Seasonal_Naive
12,49,2012-11-09,0.0,Seasonal_Naive
12,49,2012-11-16,2.97,Seasonal_Naive
12,49,2012-11-23,2.88,Seasonal_Naive
12,96,2012-11-02,0.0,Seasonal_Naive
12,96,2012-11-09,0.0,Seasonal_Naive
12,96,2012-11-16,0.0,Seasonal_Naive
12,96,2012-11-23,0.0,Seasonal_Naive
14,51,2012-11-02,0.0,Seasonal_Naive
14,51,2012-11-09,0.0,Seasonal_Naive
14,51,2012-11-16,0.0,Seasonal_Naive
14,51,2012-11-23,0.0,Seasonal_Naive
15,51,2012-11-02,0.0,Seasonal_Naive
15,51,2012-11-09,0.0,Seasonal_Naive
15,51,2012-11-16,9.96,Seasonal_Naive
15,51,2012-11-23,0.0,Seasonal_Naive
16,51,2012-11-02,0.0,Seasonal_Naive
16,51,2012-11-09,0.0,Seasonal_Naive
16,51,2012-11-16,0.0,Seasonal_Naive
16,51,2012-11-23,0.0,Seasonal_Naive
20,45,2012-11-02,11.97,Seasonal_Naive
20,45,2012-11-09,0.0,Seasonal_Naive
20,45,2012-11-16,0.0,Seasonal_Naive
20,45,2012-11-23,0.0,Seasonal_Naive
21,45,2012-11-02,0.0,Seasonal_Naive
21,45,2012-11-09,0.0,Seasonal_Naive
21,45,2012-11-16,0.0,Seasonal_Naive
21,45,2012-11-23,0.0,Seasonal_Naive
21,80,2012-11-02,6.48,Seasonal_Naive
21,80,2012-11-09,0.0,Seasonal_Naive
21,80,2012-11-16,94.78,Seasonal_Naive
21,80,2012-11-23,87.96,Seasonal_Naive
28,45,2012-11-02,23.94,Seasonal_Naive
28,45,2012-11-09,11.97,Seasonal_Naive
28,45,2012-11-16,0.0,Seasonal_Naive
28,45,2012-11-23,0.0,Seasonal_Naive
32,48,2012-11-02,0.0,Seasonal_Naive
32,48,2012-11-09,0.0,Seasonal_Naive
32,48,2012-11-16,0.0,Seasonal_Naive
32,48,2012-11-23,0.0,Seasonal_Naive
32,51,2012-11-02,0.0,Seasonal_Naive
32,51,2012-11-09,0.0,Seasonal_Naive
32,51,2012-11-16,0.0,Seasonal_Naive
32,51,2012-11-23,0.0,Seasonal_Naive
33,24,2012-11-02,0.0,Seasonal_Naive
33,24,2012-11-09,8.47,Seasonal_Naive
33,24,2012-11-16,8.47,Seasonal_Naive
33,24,2012-11-23,0.0,Seasonal_Naive
33,25,2012-11-02,9.92,Seasonal_Naive
33,25,2012-11-09,0.0,Seasonal_Naive
33,25,2012-11-16,0.0,Seasonal_Naive
33,25,2012-11-23,0.0,Seasonal_Naive
33,34,2012-11-02,0.0,Seasonal_Naive
33,34,2012-11-09,0.0,Seasonal_Naive
33,34,2012-11-16,0.0,Seasonal_Naive
33,34,2012-11-23,0.0,Seasonal_Naive
33,41,2012-11-02,10.5,Seasonal_Naive
33,41,2012-11-09,0.0,Seasonal_Naive
33,41,2012-11-16,0.0,Seasonal_Naive
33,41,2012-11-23,40.5,Seasonal_Naive
33,42,2012-11-02,70.53,Seasonal_Naive
33,42,2012-11-09,12.31,Seasonal_Naive
33,42,2012-11-16,49.95,Seasonal_Naive
33,42,2012-11-23,35.27,Seasonal_Naive
33,44,2012-11-02,0.0,Seasonal_Naive
33,44,2012-11-09,0.0,Seasonal_Naive
33,44,2012-11-16,0.0,Seasonal_Naive
33,44,2012-11-23,0.0,Seasonal_Naive
33,52,2012-11-02,8.91,Seasonal_Naive
33,52,2012-11-09,16.85,Seasonal_Naive
33,52,2012-11-16,16.85,Seasonal_Naive
33,52,2012-11-23,23.79,Seasonal_Naive
33,59,2012-11-02,5.0,Seasonal_Naive
33,59,2012-11-09,10.0,Seasonal_Naive
33,59,2012-11-16,10.0,Seasonal_Naive
33,59,2012-11-23,20.0,Seasonal_Naive
36,42,2012-11-02,100.03,Seasonal_Naive
36,42,2012-11-09,108.99,Seasonal_Naive
36,42,2012-11-16,84.24,Seasonal_Naive
36,42,2012-11-23,138.98,Seasonal_Naive
36,44,2012-11-02,0.0,Seasonal_Naive
36,44,2012-11-09,0.0,Seasonal_Naive
36,44,2012-11-16,0.0,Seasonal_Naive
36,44,2012-11-23,0.0,Seasonal_Naive
36,52,2012-11-02,0.0,Seasonal_Naive
36,52,2012-11-09,2.47,Seasonal_Naive
36,52,2012-11-16,0.0,Seasonal_Naive
36,52,2012-11-23,0.0,Seasonal_Naive
36,59,2012-11-02,0.0,Seasonal_Naive
36,59,2012-11-09,25.0,Seasonal_Naive
36,59,2012-11-16,30.0,Seasonal_Naive
36,59,2012-11-23,25.0,Seasonal_Naive
37,41,2012-11-02,0.0,Seasonal_Naive
37,41,2012-11-09,0.0,Seasonal_Naive
37,41,2012-11-16,0.0,Seasonal_Naive
37,41,2012-11-23,0.0,Seasonal_Naive
37,44,2012-11-02,0.0,Seasonal_Naive
37,44,2012-11-09,0.0,Seasonal_Naive
37,44,2012-11-16,0.0,Seasonal_Naive
37,44,2012-11-23,0.0,Seasonal_Naive
37,99,2012-11-02,0.0,Seasonal_Naive
37,99,2012-11-09,0.0,Seasonal_Naive
37,99,2012-11-16,0.0,Seasonal_Naive
37,99,2012-11-23,0.0,Seasonal_Naive
38,20,2012-11-02,0.0,Seasonal_Naive
38,20,2012-11-09,0.0,Seasonal_Naive
38,20,2012-11-16,0.0,Seasonal_Naive
38,20,2012-11-23,0.0,Seasonal_Naive
38,22,2012-11-02,0.0,Seasonal_Naive
38,22,2012-11-09,0.0,Seasonal_Naive
38,22,2012-11-16,0.0,Seasonal_Naive
38,22,2012-11-23,0.0,Seasonal_Naive
38,26,2012-11-02,0.0,Seasonal_Naive
38,26,2012-11-09,0.0,Seasonal_Naive
38,26,2012-11-16,0.0,Seasonal_Naive
38,26,2012-11-23,0.0,Seasonal_Naive
38,49,2012-11-02,0.0,Seasonal_Naive
38,49,2012-11-09,0.0,Seasonal_Naive
38,49,2012-11-16,0.0,Seasonal_Naive
38,49,2012-11-23,0.0,Seasonal_Naive
39,19,2012-11-02,0.0,Seasonal_Naive
39,19,2012-11-09,0.0,Seasonal_Naive
39,19,2012-11-16,0.0,Seasonal_Naive
39,19,2012-11-23,0.0,Seasonal_Naive
39,51,2012-11-02,0.0,Seasonal_Naive
39,51,2012-11-09,0.0,Seasonal_Naive
39,51,2012-11-16,0.0,Seasonal_Naive
39,51,2012-11-23,0.0,Seasonal_Naive
40,47,2012-11-02,0.0,Seasonal_Naive
40,47,2012-11-09,0.0,Seasonal_Naive
40,47,2012-11-16,0.0,Seasonal_Naive
40,47,2012-11-23,0.0,Seasonal_Naive
40,49,2012-11-02,26.73,Seasonal_Naive
40,49,2012-11-09,26.73,Seasonal_Naive
40,49,2012-11-16,11.88,Seasonal_Naive
40,49,2012-11-23,35.64,Seasonal_Naive
41,51,2012-11-02,0.0,Seasonal_Naive
41,51,2012-11-09,0.0,Seasonal_Naive
41,51,2012-11-16,0.0,Seasonal_Naive
41,51,2012-11-23,0.0,Seasonal_Naive
42,72,2012-11-02,0.0,Seasonal_Naive
42,72,2012-11-09,278.0,Seasonal_Naive
42,72,2012-11-16,0.0,Seasonal_Naive
42,72,2012-11-23,0.0,Seasonal_Naive
43,6,2012-11-02,49.22,Seasonal_Naive
43,6,2012-11-09,41.66,Seasonal_Naive
43,6,2012-11-16,0.0,Seasonal_Naive
43,6,2012-11-23,75.4,Seasonal_Naive
43,23,2012-11-02,0.0,Seasonal_Naive
43,23,2012-11-09,0.0,Seasonal_Naive
43,23,2012-11-16,0.0,Seasonal_Naive
43,23,2012-11-23,0.0,Seasonal_Naive
43,27,2012-11-02,0.0,Seasonal_Naive
43,27,2012-11-09,0.0,Seasonal_Naive
43,27,2012-11-16,0.0,Seasonal_Naive
43,27,2012-11-23,0.0,Seasonal_Naive
43,31,2012-11-02,0.0,Seasonal_Naive
43,31,2012-11-09,0.0,Seasonal_Naive
43,31,2012-11-16,0.0,Seasonal_Naive
43,31,2012-11-23,10.0,Seasonal_Naive
43,32,2012-11-02,0.0,Seasonal_Naive
43,32,2012-11-09,0.0,Seasonal_Naive
43,32,2012-11-16,0.0,Seasonal_Naive
43,32,2012-11-23,0.0,Seasonal_Naive
44,24,2012-11-02,0.0,Seasonal_Naive
44,24,2012-11-09,0.0,Seasonal_Naive
44,24,2012-11-16,0.0,Seasonal_Naive
44,24,2012-11-23,0.0,Seasonal_Naive
44,99,2012-11-02,0.0,Seasonal_Naive
44,99,2012-11-09,0.0,Seasonal_Naive
44,99,2012-11-16,0.0,Seasonal_Naive
44,99,2012-11-23,0.0,Seasonal_Naive
45,45,2012-11-02,0.0,Seasonal_Naive
45,45,2012-11-09,0.0,Seasonal_Naive
45,45,2012-11-16,0.0,Seasonal_Naive
45,45,2012-11-23,0.0,Seasonal_Naive
1,45,2012-11-02,57.85,Seasonal_Naive
1,45,2012-11-09,9.97,Seasonal_Naive
1,45,2012-11-16,11.97,Seasonal_Naive
1,45,2012-11-23,0.0,Seasonal_Naive
2,51,2012-11-02,0.0,Seasonal_Naive
2,51,2012-11-09,0.0,Seasonal_Naive
2,51,2012-11-16,0.0,Seasonal_Naive
2,51,2012-11-23,0.0,Seasonal_Naive
3,98,2012-11-02,0.0,Seasonal_Naive
3,98,2012-11-09,10.5,Seasonal_Naive
3,98,2012-11-16,26.25,Seasonal_Naive
3,98,2012-11-23,23.73,Seasonal_Naive
5,54,2012-11-02,0.0,Seasonal_Naive
5,54,2012-11-09,0.0,Seasonal_Naive
5,54,2012-11-16,11.76,Seasonal_Naive
5,54,2012-11-23,5.88,Seasonal_Naive
5,59,2012-11-02,0.0,Seasonal_Naive
5,59,2012-11-09,0.0,Seasonal_Naive
5,59,2012-11-16,45.0,Seasonal_Naive
5,59,2012-11-23,30.0,Seasonal_Naive
6,45,2012-11-02,71.82,Seasonal_Naive
6,45,2012-11-09,0.0,Seasonal_Naive
6,45,2012-11-16,11.97,Seasonal_Naive
6,45,2012-11-23,11.97,Seasonal_Naive
7,51,2012-11-02,0.0,Seasonal_Naive
7,51,2012-11-09,0.0,Seasonal_Naive
7,51,2012-11-16,0.0,Seasonal_Naive
7,51,2012-11-23,0.0,Seasonal_Naive
9,54,2012-11-02,0.0,Seasonal_Naive
9,54,2012-11-09,0.0,Seasonal_Naive
9,54,2012-11-16,0.0,Seasonal_Naive
9,54,2012-11-23,94.24,Seasonal_Naive
24,51,2012-11-02,0.0,Seasonal_Naive
24,51,2012-11-09,0.0,Seasonal_Naive
24,51,2012-11-16,0.0,Seasonal_Naive
24,51,2012-11-23,0.0,Seasonal_Naive
12,47,2012-11-02,0.0,Seasonal_Naive
12,47,2012-11-09,0.0,Seasonal_Naive
12,47,2012-11-16,0.0,Seasonal_Naive
12,47,2012-11-23,0.0,Seasonal_Naive
12,78,2012-11-02,0.0,Seasonal_Naive
12,78,2012-11-09,0.0,Seasonal_Naive
12,78,2012-11-16,0.0,Seasonal_Naive
12,78,2012-11-23,0.0,Seasonal_Naive
19,39,2012-11-02,0.0,Seasonal_Naive
19,39,2012-11-09,0.0,Seasonal_Naive
19,39,2012-11-16,0.0,Seasonal_Naive
19,39,2012-11-23,0.0,Seasonal_Naive
36,41,2012-11-02,0.0,Seasonal_Naive
36,41,2012-11-09,0.0,Seasonal_Naive
36,41,2012-11-16,0.0,Seasonal_Naive
36,41,2012-11-23,0.0,Seasonal_Naive
37,24,2012-11-02,0.0,Seasonal_Naive
37,24,2012-11-09,0.0,Seasonal_Naive
37,24,2012-11-16,0.0,Seasonal_Naive
37,24,2012-11-23,0.0,Seasonal_Naive
42,71,2012-11-02,0.0,Seasonal_Naive
42,71,2012-11-09,0.0,Seasonal_Naive
42,71,2012-11-16,3.0,Seasonal_Naive
42,71,2012-11-23,0.0,Seasonal_Naive
43,33,2012-11-02,0.0,Seasonal_Naive
43,33,2012-11-09,0.0,Seasonal_Naive
43,33,2012-11-16,0.0,Seasonal_Naive
43,33,2012-11-23,5.0,Seasonal_Naive
3,45,2012-11-02,0.0,Seasonal_Naive
3,45,2012-11-09,0.0,Seasonal_Naive
3,45,2012-11-16,0.0,Seasonal_Naive
3,45,2012-11-23,0.0,Seasonal_Naive
4,78,2012-11-02,0.0,Seasonal_Naive
4,78,2012-11-09,0.0,Seasonal_Naive
4,78,2012-11-16,0.0,Seasonal_Naive
4,78,2012-11-23,0.0,Seasonal_Naive
29,99,2012-11-02,0.0,Seasonal_Naive
29,99,2012-11-09,0.0,Seasonal_Naive
29,99,2012-11-16,0.0,Seasonal_Naive
29,99,2012-11-23,0.0,Seasonal_Naive
44,44,2012-11-02,0.0,Seasonal_Naive
44,44,2012-11-09,0.0,Seasonal_Naive
44,44,2012-11-16,0.0,Seasonal_Naive
44,44,2012-11-23,0.0,Seasonal_Naive
4,47,2012-11-02,0.0,Seasonal_Naive
4,47,2012-11-09,0.0,Seasonal_Naive
4,47,2012-11-16,0.0,Seasonal_Naive
4,47,2012-11-23,0.0,Seasonal_Naive
13,78,2012-11-02,0.0,Seasonal_Naive
13,78,2012-11-09,0.0,Seasonal_Naive
13,78,2012-11-16,0.0,Seasonal_Naive
13,78,2012-11-23,0.0,Seasonal_Naive
30,29,2012-11-02,0.0,Seasonal_Naive
30,29,2012-11-09,0.0,Seasonal_Naive
30,29,2012-11-16,0.0,Seasonal_Naive
30,29,2012-11-23,0.0,Seasonal_Naive
35,77,2012-11-02,0.0,Seasonal_Naive
35,77,2012-11-09,0.0,Seasonal_Naive
35,77,2012-11-16,0.0,Seasonal_Naive
35,77,2012-11-23,318.0,Seasonal_Naive
36,24,2012-11-02,0.0,Seasonal_Naive
36,24,2012-11-09,0.0,Seasonal_Naive
36,24,2012-11-16,0.0,Seasonal_Naive
36,24,2012-11-23,0.0,Seasonal_Naive
36,34,2012-11-02,0.0,Seasonal_Naive
36,34,2012-11-09,0.0,Seasonal_Naive
36,34,2012-11-16,0.0,Seasonal_Naive
36,34,2012-11-23,0.0,Seasonal_Naive
3,80,2012-11-02,23.17,Seasonal_Naive
3,80,2012-11-09,3.0,Seasonal_Naive
3,80,2012-11-16,28.96,Seasonal_Naive
3,80,2012-11-23,35.98,Seasonal_Naive
18,99,2012-11-02,0.0,Seasonal_Naive
18,99,2012-11-09,0.0,Seasonal_Naive
18,99,2012-11-16,0.0,Seasonal_Naive
18,99,2012-11-23,0.0,Seasonal_Naive
15,43,2012-11-02,0.0,Seasonal_Naive
15,43,2012-11-09,0.0,Seasonal_Naive
15,43,2012-11-16,0.0,Seasonal_Naive
15,43,2012-11-23,0.0,Seasonal_Naive
33,99,2012-11-02,0.0,Seasonal_Naive
33,99,2012-11-09,0.0,Seasonal_Naive
33,99,2012-11-16,0.0,Seasonal_Naive
33,99,2012-11-23,0.0,Seasonal_Naive
30,19,2012-11-02,0.0,Seasonal_Naive
30,19,2012-11-09,0.0,Seasonal_Naive
30,19,2012-11-16,0.0,Seasonal_Naive
30,19,2012-11-23,0.0,Seasonal_Naive
40,78,2012-11-02,0.0,Seasonal_Naive
40,78,2012-11-09,0.0,Seasonal_Naive
40,78,2012-11-16,0.0,Seasonal_Naive
40,78,2012-11-23,0.0,Seasonal_Naive
43,55,2012-11-02,0.0,Seasonal_Naive
43,55,2012-11-09,0.0,Seasonal_Naive
43,55,2012-11-16,0.0,Seasonal_Naive
43,55,2012-11-23,0.0,Seasonal_Naive
14,43,2012-11-02,0.0,Seasonal_Naive
14,43,2012-11-09,0.0,Seasonal_Naive
14,43,2012-11-16,0.0,Seasonal_Naive
14,43,2012-11-23,0.0,Seasonal_Naive
36,99,2012-11-02,0.0,Seasonal_Naive
36,99,2012-11-09,0.0,Seasonal_Naive
36,99,2012-11-16,0.0,Seasonal_Naive
36,99,2012-11-23,0.0,Seasonal_Naive
27,39,2012-11-02,0.0,Seasonal_Naive
27,39,2012-11-09,0.0,Seasonal_Naive
27,39,2012-11-16,0.0,Seasonal_Naive
27,39,2012-11-23,0.0,Seasonal_Naive
44,34,2012-11-02,0.0,Seasonal_Naive
44,34,2012-11-09,0.0,Seasonal_Naive
44,34,2012-11-16,0.0,Seasonal_Naive
44,34,2012-11-23,0.0,Seasonal_Naive
17,99,2012-11-02,0.0,Seasonal_Naive
17,99,2012-11-09,0.0,Seasonal_Naive
17,99,2012-11-16,0.0,Seasonal_Naive
17,99,2012-11-23,0.0,Seasonal_Naive
18,39,2012-11-02,0.0,Seasonal_Naive
18,39,2012-11-09,0.0,Seasonal_Naive
18,39,2012-11-16,0.0,Seasonal_Naive
18,39,2012-11-23,0.0,Seasonal_Naive
22,45,2012-11-02,23.94,Seasonal_Naive
22,45,2012-11-09,11.97,Seasonal_Naive
22,45,2012-11-16,0.0,Seasonal_Naive
22,45,2012-11-23,0.0,Seasonal_Naive
23,51,2012-11-02,0.0,Seasonal_Naive
23,51,2012-11-09,0.0,Seasonal_Naive
23,51,2012-11-16,0.0,Seasonal_Naive
23,51,2012-11-23,0.0,Seasonal_Naive
24,45,2012-11-02,0.0,Seasonal_Naive
24,45,2012-11-09,11.97,Seasonal_Naive
24,45,2012-11-16,0.0,Seasonal_Naive
24,45,2012-11-23,0.0,Seasonal_Naive
25,19,2012-11-02,0.0,Seasonal_Naive
25,19,2012-11-09,0.0,Seasonal_Naive
25,19,2012-11-16,0.0,Seasonal_Naive
25,19,2012-11-23,0.0,Seasonal_Naive
25,48,2012-11-02,0.0,Seasonal_Naive
25,48,2012-11-09,0.0,Seasonal_Naive
25,48,2012-11-16,0.0,Seasonal_Naive
25,48,2012-11-23,0.0,Seasonal_Naive
26,45,2012-11-02,0.0,Seasonal_Naive
26,45,2012-11-09,0.0,Seasonal_Naive
26,45,2012-11-16,121.85,Seasonal_Naive
26,45,2012-11-23,39.94,Seasonal_Naive
11,51,2012-11-02,0.0,Seasonal_Naive
11,51,2012-11-09,0.0,Seasonal_Naive
11,51,2012-11-16,0.0,Seasonal_Naive
11,51,2012-11-23,0.0,Seasonal_Naive
14,45,2012-11-02,0.0,Seasonal_Naive
14,45,2012-11-09,0.0,Seasonal_Naive
14,45,2012-11-16,0.0,Seasonal_Naive
14,45,2012-11-23,0.0,Seasonal_Naive
16,45,2012-11-02,0.0,Seasonal_Naive
16,45,2012-11-09,0.0,Seasonal_Naive
16,45,2012-11-16,0.0,Seasonal_Naive
16,45,2012-11-23,17.31,Seasonal_Naive
16,98,2012-11-02,2.72,Seasonal_Naive
16,98,2012-11-09,69.41,Seasonal_Naive
16,98,2012-11-16,38.44,Seasonal_Naive
16,98,2012-11-23,52.76,Seasonal_Naive
17,47,2012-11-02,0.0,Seasonal_Naive
17,47,2012-11-09,0.0,Seasonal_Naive
17,47,2012-11-16,0.0,Seasonal_Naive
17,47,2012-11-23,0.0,Seasonal_Naive
17,49,2012-11-02,26.73,Seasonal_Naive
17,49,2012-11-09,5.94,Seasonal_Naive
17,49,2012-11-16,11.88,Seasonal_Naive
17,49,2012-11-23,14.85,Seasonal_Naive
18,96,2012-11-02,0.0,Seasonal_Naive
18,96,2012-11-09,0.0,Seasonal_Naive
18,96,2012-11-16,0.0,Seasonal_Naive
18,96,2012-11-23,0.0,Seasonal_Naive
19,47,2012-11-02,649.0,Seasonal_Naive
19,47,2012-11-09,0.0,Seasonal_Naive
19,47,2012-11-16,0.0,Seasonal_Naive
19,47,2012-11-23,0.0,Seasonal_Naive
20,51,2012-11-02,0.0,Seasonal_Naive
20,51,2012-11-09,0.0,Seasonal_Naive
20,51,2012-11-16,0.0,Seasonal_Naive
20,51,2012-11-23,0.0,Seasonal_Naive
28,51,2012-11-02,0.0,Seasonal_Naive
28,51,2012-11-09,0.0,Seasonal_Naive
28,51,2012-11-16,0.0,Seasonal_Naive
28,51,2012-11-23,0.0,Seasonal_Naive
29,49,2012-11-02,38.61,Seasonal_Naive
29,49,2012-11-09,41.58,Seasonal_Naive
29,49,2012-11-16,74.25,Seasonal_Naive
29,49,2012-11-23,38.61,Seasonal_Naive
30,23,2012-11-02,0.0,Seasonal_Naive
30,23,2012-11-09,0.0,Seasonal_Naive
30,23,2012-11-16,0.0,Seasonal_Naive
30,23,2012-11-23,47.5,Seasonal_Naive
30,27,2012-11-02,0.0,Seasonal_Naive
30,27,2012-11-09,0.0,Seasonal_Naive
30,27,2012-11-16,0.0,Seasonal_Naive
30,27,2012-11-23,0.0,Seasonal_Naive
30,56,2012-11-02,44.0,Seasonal_Naive
30,56,2012-11-09,4.0,Seasonal_Naive
30,56,2012-11-16,0.0,Seasonal_Naive
30,56,2012-11-23,117.98,Seasonal_Naive
31,47,2012-11-02,0.0,Seasonal_Naive
31,47,2012-11-09,0.0,Seasonal_Naive
31,47,2012-11-16,0.0,Seasonal_Naive
31,47,2012-11-23,0.0,Seasonal_Naive
31,78,2012-11-02,0.0,Seasonal_Naive
31,78,2012-11-09,0.0,Seasonal_Naive
31,78,2012-11-16,0.0,Seasonal_Naive
31,78,2012-11-23,0.0,Seasonal_Naive
32,45,2012-11-02,5.97,Seasonal_Naive
32,45,2012-11-09,0.0,Seasonal_Naive
32,45,2012-11-16,5.97,Seasonal_Naive
32,45,2012-11-23,0.0,Seasonal_Naive
33,9,2012-11-02,9.12,Seasonal_Naive
33,9,2012-11-09,0.0,Seasonal_Naive
33,9,2012-11-16,0.0,Seasonal_Naive
33,9,2012-11-23,2.28,Seasonal_Naive
33,22,2012-11-02,20.0,Seasonal_Naive
33,22,2012-11-09,37.5,Seasonal_Naive
33,22,2012-11-16,25.0,Seasonal_Naive
33,22,2012-11-23,15.0,Seasonal_Naive
34,47,2012-11-02,0.0,Seasonal_Naive
34,47,2012-11-09,0.0,Seasonal_Naive
34,47,2012-11-16,0.0,Seasonal_Naive
34,47,2012-11-23,0.0,Seasonal_Naive
34,60,2012-11-02,35.2,Seasonal_Naive
34,60,2012-11-09,176.0,Seasonal_Naive
34,60,2012-11-16,132.0,Seasonal_Naive
34,60,2012-11-23,114.4,Seasonal_Naive
35,47,2012-11-02,0.0,Seasonal_Naive
35,47,2012-11-09,120.0,Seasonal_Naive
35,47,2012-11-16,279.0,Seasonal_Naive
35,47,2012-11-23,0.0,Seasonal_Naive
35,49,2012-11-02,0.0,Seasonal_Naive
35,49,2012-11-09,0.0,Seasonal_Naive
35,49,2012-11-16,0.0,Seasonal_Naive
35,49,2012-11-23,0.0,Seasonal_Naive
35,96,2012-11-02,0.0,Seasonal_Naive
35,96,2012-11-09,0.0,Seasonal_Naive
35,96,2012-11-16,0.0,Seasonal_Naive
35,96,2012-11-23,0.0,Seasonal_Naive
36,9,2012-11-02,15.88,Seasonal_Naive
36,9,2012-11-09,15.88,Seasonal_Naive
36,9,2012-11-16,0.0,Seasonal_Naive
36,9,2012-11-23,4.36,Seasonal_Naive
37,20,2012-11-02,0.0,Seasonal_Naive
37,20,2012-11-09,0.0,Seasonal_Naive
37,20,2012-11-16,0.0,Seasonal_Naive
37,20,2012-11-23,0.0,Seasonal_Naive
37,26,2012-11-02,5.94,Seasonal_Naive
37,26,2012-11-09,0.0,Seasonal_Naive
37,26,2012-11-16,0.0,Seasonal_Naive
37,26,2012-11-23,0.0,Seasonal_Naive
37,49,2012-11-02,0.0,Seasonal_Naive
37,49,2012-11-09,0.0,Seasonal_Naive
37,49,2012-11-16,0.0,Seasonal_Naive
37,49,2012-11-23,0.0,Seasonal_Naive
38,34,2012-11-02,0.0,Seasonal_Naive
38,34,2012-11-09,0.0,Seasonal_Naive
38,34,2012-11-16,0.0,Seasonal_Naive
38,34,2012-11-23,0.0,Seasonal_Naive
38,44,2012-11-02,0.0,Seasonal_Naive
38,44,2012-11-09,0.0,Seasonal_Naive
38,44,2012-11-16,3.5,Seasonal_Naive
38,44,2012-11-23,0.0,Seasonal_Naive
39,45,2012-11-02,0.0,Seasonal_Naive
39,45,2012-11-09,22.94,Seasonal_Naive
39,45,2012-11-16,11.47,Seasonal_Naive
39,45,2012-11-23,5.97,Seasonal_Naive
41,45,2012-11-02,31.88,Seasonal_Naive
41,45,2012-11-09,35.82,Seasonal_Naive
41,45,2012-11-16,0.0,Seasonal_Naive
41,45,2012-11-23,0.0,Seasonal_Naive
42,23,2012-11-02,55.96,Seasonal_Naive
42,23,2012-11-09,28.85,Seasonal_Naive
42,23,2012-11-16,23.08,Seasonal_Naive
42,23,2012-11-23,27.98,Seasonal_Naive
42,27,2012-11-02,53.19,Seasonal_Naive
42,27,2012-11-09,20.51,Seasonal_Naive
42,27,2012-11-16,4.0,Seasonal_Naive
42,27,2012-11-23,11.54,Seasonal_Naive
44,20,2012-11-02,4.0,Seasonal_Naive
44,20,2012-11-09,0.0,Seasonal_Naive
44,20,2012-11-16,0.0,Seasonal_Naive
44,20,2012-11-23,0.0,Seasonal_Naive
44,26,2012-11-02,0.0,Seasonal_Naive
44,26,2012-11-09,0.0,Seasonal_Naive
44,26,2012-11-16,0.0,Seasonal_Naive
44,26,2012-11-23,0.0,Seasonal_Naive
1,51,2012-11-02,0.0,Seasonal_Naive
1,51,2012-11-09,0.0,Seasonal_Naive
1,51,2012-11-16,0.0,Seasonal_Naive
1,51,2012-11-23,0.0,Seasonal_Naive
2,45,2012-11-02,0.0,Seasonal_Naive
2,45,2012-11-09,11.97,Seasonal_Naive
2,45,2012-11-16,23.94,Seasonal_Naive
2,45,2012-11-23,0.0,Seasonal_Naive
3,51,2012-11-02,1.92,Seasonal_Naive
3,51,2012-11-09,0.0,Seasonal_Naive
3,51,2012-11-16,0.0,Seasonal_Naive
3,51,2012-11-23,0.0,Seasonal_Naive
5,49,2012-11-02,26.73,Seasonal_Naive
5,49,2012-11-09,32.67,Seasonal_Naive
5,49,2012-11-16,20.79,Seasonal_Naive
5,49,2012-11-23,14.85,Seasonal_Naive
6,51,2012-11-02,0.0,Seasonal_Naive
6,51,2012-11-09,0.0,Seasonal_Naive
6,51,2012-11-16,0.0,Seasonal_Naive
6,51,2012-11-23,0.0,Seasonal_Naive
7,45,2012-11-02,17.91,Seasonal_Naive
7,45,2012-11-09,23.88,Seasonal_Naive
7,45,2012-11-16,5.97,Seasonal_Naive
7,45,2012-11-23,0.0,Seasonal_Naive
8,47,2012-11-02,0.0,Seasonal_Naive
8,47,2012-11-09,0.0,Seasonal_Naive
8,47,2012-11-16,0.0,Seasonal_Naive
8,47,2012-11-23,0.0,Seasonal_Naive
9,49,2012-11-02,65.46,Seasonal_Naive
9,49,2012-11-09,59.4,Seasonal_Naive
9,49,2012-11-16,44.55,Seasonal_Naive
9,49,2012-11-23,77.22,Seasonal_Naive
9,60,2012-11-02,79.2,Seasonal_Naive
9,60,2012-11-09,132.0,Seasonal_Naive
9,60,2012-11-16,61.6,Seasonal_Naive
9,60,2012-11-23,70.4,Seasonal_Naive
27,47,2012-11-02,0.0,Seasonal_Naive
27,47,2012-11-09,0.0,Seasonal_Naive
27,47,2012-11-16,0.0,Seasonal_Naive
27,47,2012-11-23,0.0,Seasonal_Naive
10,51,2012-11-02,0.0,Seasonal_Naive
10,51,2012-11-09,0.0,Seasonal_Naive
10,51,2012-11-16,0.0,Seasonal_Naive
10,51,2012-11-23,0.0,Seasonal_Naive
11,48,2012-11-02,0.0,Seasonal_Naive
11,48,2012-11-09,0.0,Seasonal_Naive
11,48,2012-11-16,0.0,Seasonal_Naive
11,48,2012-11-23,0.0,Seasonal_Naive
11,50,2012-11-02,0.0,Seasonal_Naive
11,50,2012-11-09,0.0,Seasonal_Naive
11,50,2012-11-16,0.0,Seasonal_Naive
11,50,2012-11-23,0.0,Seasonal_Naive
15,45,2012-11-02,0.0,Seasonal_Naive
15,45,2012-11-09,19.86,Seasonal_Naive
15,45,2012-11-16,0.0,Seasonal_Naive
15,45,2012-11-23,0.0,Seasonal_Naive
18,47,2012-11-02,0.0,Seasonal_Naive
18,47,2012-11-09,0.0,Seasonal_Naive
18,47,2012-11-16,0.0,Seasonal_Naive
18,47,2012-11-23,0.0,Seasonal_Naive
21,48,2012-11-02,0.0,Seasonal_Naive
21,48,2012-11-09,0.0,Seasonal_Naive
21,48,2012-11-16,0.0,Seasonal_Naive
21,48,2012-11-23,0.0,Seasonal_Naive
27,78,2012-11-02,0.0,Seasonal_Naive
27,78,2012-11-09,0.0,Seasonal_Naive
27,78,2012-11-16,0.0,Seasonal_Naive
27,78,2012-11-23,0.0,Seasonal_Naive
30,33,2012-11-02,0.0,Seasonal_Naive
30,33,2012-11-09,0.0,Seasonal_Naive
30,33,2012-11-16,0.0,Seasonal_Naive
30,33,2012-11-23,0.0,Seasonal_Naive
37,22,2012-11-02,0.0,Seasonal_Naive
37,22,2012-11-09,8.5,Seasonal_Naive
37,22,2012-11-16,0.0,Seasonal_Naive
37,22,2012-11-23,0.0,Seasonal_Naive
38,24,2012-11-02,0.0,Seasonal_Naive
38,24,2012-11-09,0.0,Seasonal_Naive
38,24,2012-11-16,0.0,Seasonal_Naive
38,24,2012-11-23,0.0,Seasonal_Naive
42,55,2012-11-02,0.0,Seasonal_Naive
42,55,2012-11-09,0.0,Seasonal_Naive
42,55,2012-11-16,0.0,Seasonal_Naive
42,55,2012-11-23,0.0,Seasonal_Naive
45,51,2012-11-02,0.0,Seasonal_Naive
45,51,2012-11-09,0.0,Seasonal_Naive
45,51,2012-11-16,0.0,Seasonal_Naive
45,51,2012-11-23,0.0,Seasonal_Naive
9,47,2012-11-02,0.0,Seasonal_Naive
9,47,2012-11-09,0.0,Seasonal_Naive
9,47,2012-11-16,0.0,Seasonal_Naive
9,47,2012-11-23,0.0,Seasonal_Naive
23,48,2012-11-02,0.0,Seasonal_Naive
23,48,2012-11-09,0.0,Seasonal_Naive
23,48,2012-11-16,0.0,Seasonal_Naive
23,48,2012-11-23,0.0,Seasonal_Naive
25,51,2012-11-02,0.0,Seasonal_Naive
25,51,2012-11-09,0.0,Seasonal_Naive
25,51,2012-11-16,7.0,Seasonal_Naive
25,51,2012-11-23,0.0,Seasonal_Naive
12,99,2012-11-02,0.0,Seasonal_Naive
12,99,2012-11-09,0.0,Seasonal_Naive
12,99,2012-11-16,0.0,Seasonal_Naive
12,99,2012-11-23,0.0,Seasonal_Naive
17,78,2012-11-02,0.0,Seasonal_Naive
17,78,2012-11-09,0.0,Seasonal_Naive
17,78,2012-11-16,9.88,Seasonal_Naive
17,78,2012-11-23,0.0,Seasonal_Naive
18,78,2012-11-02,0.0,Seasonal_Naive
18,78,2012-11-09,0.0,Seasonal_Naive
18,78,2012-11-16,0.0,Seasonal_Naive
18,78,2012-11-23,0.0,Seasonal_Naive
19,78,2012-11-02,0.0,Seasonal_Naive
19,78,2012-11-09,0.0,Seasonal_Naive
19,78,2012-11-16,0.0,Seasonal_Naive
19,78,2012-11-23,0.0,Seasonal_Naive
21,51,2012-11-02,0.0,Seasonal_Naive
21,51,2012-11-09,0.0,Seasonal_Naive
21,51,2012-11-16,0.0,Seasonal_Naive
21,51,2012-11-23,0.0,Seasonal_Naive
29,47,2012-11-02,0.0,Seasonal_Naive
29,47,2012-11-09,0.0,Seasonal_Naive
29,47,2012-11-16,0.0,Seasonal_Naive
29,47,2012-11-23,0.0,Seasonal_Naive
29,96,2012-11-02,0.0,Seasonal_Naive
29,96,2012-11-09,0.0,Seasonal_Naive
29,96,2012-11-16,0.0,Seasonal_Naive
29,96,2012-11-23,0.0,Seasonal_Naive
30,55,2012-11-02,0.0,Seasonal_Naive
30,55,2012-11-09,0.0,Seasonal_Naive
30,55,2012-11-16,0.0,Seasonal_Naive
30,55,2012-11-23,0.0,Seasonal_Naive
35,78,2012-11-02,0.0,Seasonal_Naive
35,78,2012-11-09,0.0,Seasonal_Naive
35,78,2012-11-16,0.0,Seasonal_Naive
35,78,2012-11-23,0.0,Seasonal_Naive
36,22,2012-11-02,0.0,Seasonal_Naive
36,22,2012-11-09,0.0,Seasonal_Naive
36,22,2012-11-16,0.0,Seasonal_Naive
36,22,2012-11-23,0.0,Seasonal_Naive
5,78,2012-11-02,0.0,Seasonal_Naive
5,78,2012-11-09,0.0,Seasonal_Naive
5,78,2012-11-16,0.0,Seasonal_Naive
5,78,2012-11-23,0.0,Seasonal_Naive
8,78,2012-11-02,9.88,Seasonal_Naive
8,78,2012-11-09,9.88,Seasonal_Naive
8,78,2012-11-16,0.0,Seasonal_Naive
8,78,2012-11-23,0.0,Seasonal_Naive
33,49,2012-11-02,0.0,Seasonal_Naive
33,49,2012-11-09,0.0,Seasonal_Naive
33,49,2012-11-16,0.0,Seasonal_Naive
33,49,2012-11-23,0.0,Seasonal_Naive
36,49,2012-11-02,0.0,Seasonal_Naive
36,49,2012-11-09,0.0,Seasonal_Naive
36,49,2012-11-16,0.0,Seasonal_Naive
36,49,2012-11-23,0.0,Seasonal_Naive
42,6,2012-11-02,0.0,Seasonal_Naive
42,6,2012-11-09,0.0,Seasonal_Naive
42,6,2012-11-16,0.0,Seasonal_Naive
42,6,2012-11-23,0.0,Seasonal_Naive
42,33,2012-11-02,0.0,Seasonal_Naive
42,33,2012-11-09,0.0,Seasonal_Naive
42,33,2012-11-16,0.0,Seasonal_Naive
42,33,2012-11-23,0.0,Seasonal_Naive
44,22,2012-11-02,0.0,Seasonal_Naive
44,22,2012-11-09,0.0,Seasonal_Naive
44,22,2012-11-16,0.0,Seasonal_Naive
44,22,2012-11-23,0.0,Seasonal_Naive
5,47,2012-11-02,0.0,Seasonal_Naive
5,47,2012-11-09,0.0,Seasonal_Naive
5,47,2012-11-16,0.0,Seasonal_Naive
5,47,2012-11-23,0.0,Seasonal_Naive
29,78,2012-11-02,0.0,Seasonal_Naive
29,78,2012-11-09,0.0,Seasonal_Naive
29,78,2012-11-16,0.0,Seasonal_Naive
29,78,2012-11-23,0.0,Seasonal_Naive
44,49,2012-11-02,0.0,Seasonal_Naive
44,49,2012-11-09,0.0,Seasonal_Naive
44,49,2012-11-16,0.0,Seasonal_Naive
44,49,2012-11-23,0.0,Seasonal_Naive
36,85,2012-11-02,0.0,Seasonal_Naive
36,85,2012-11-09,0.0,Seasonal_Naive
36,85,2012-11-16,0.0,Seasonal_Naive
36,85,2012-11-23,0.0,Seasonal_Naive
21,50,2012-11-02,0.0,Seasonal_Naive
21,50,2012-11-09,0.0,Seasonal_Naive
21,50,2012-11-16,0.0,Seasonal_Naive
21,50,2012-11-23,0.0,Seasonal_Naive
43,71,2012-11-02,0.0,Seasonal_Naive
43,71,2012-11-09,0.0,Seasonal_Naive
43,71,2012-11-16,0.0,Seasonal_Naive
43,71,2012-11-23,0.0,Seasonal_Naive
34,78,2012-11-02,0.0,Seasonal_Naive
34,78,2012-11-09,0.0,Seasonal_Naive
34,78,2012-11-16,0.0,Seasonal_Naive
34,78,2012-11-23,0.0,Seasonal_Naive
38,99,2012-11-02,0.0,Seasonal_Naive
38,99,2012-11-09,0.0,Seasonal_Naive
38,99,2012-11-16,0.0,Seasonal_Naive
38,99,2012-11-23,0.0,Seasonal_Naive
8,96,2012-11-02,0.0,Seasonal_Naive
8,96,2012-11-09,0.0,Seasonal_Naive
8,96,2012-11-16,0.0,Seasonal_Naive
8,96,2012-11-23,0.0,Seasonal_Naive
28,43,2012-11-02,0.0,Seasonal_Naive
28,43,2012-11-09,0.0,Seasonal_Naive
28,43,2012-11-16,0.0,Seasonal_Naive
28,43,2012-11-23,0.0,Seasonal_Naive
4,39,2012-11-02,0.0,Seasonal_Naive
4,39,2012-11-09,0.0,Seasonal_Naive
4,39,2012-11-16,0.0,Seasonal_Naive
4,39,2012-11-23,0.0,Seasonal_Naive
9,78,2012-11-02,0.0,Seasonal_Naive
9,78,2012-11-09,0.0,Seasonal_Naive
9,78,2012-11-16,0.0,Seasonal_Naive
9,78,2012-11-23,0.0,Seasonal_Naive
23,47,2012-11-02,0.0,Seasonal_Naive
23,47,2012-11-09,0.0,Seasonal_Naive
23,47,2012-11-16,0.0,Seasonal_Naive
23,47,2012-11-23,0.0,Seasonal_Naive
23,60,2012-11-02,132.0,Seasonal_Naive
23,60,2012-11-09,220.0,Seasonal_Naive
23,60,2012-11-16,79.2,Seasonal_Naive
23,60,2012-11-23,105.6,Seasonal_Naive
23,78,2012-11-02,0.0,Seasonal_Naive
23,78,2012-11-09,0.0,Seasonal_Naive
23,78,2012-11-16,0.0,Seasonal_Naive
23,78,2012-11-23,0.0,Seasonal_Naive
25,78,2012-11-02,0.0,Seasonal_Naive
25,78,2012-11-09,0.0,Seasonal_Naive
25,78,2012-11-16,0.0,Seasonal_Naive
25,78,2012-11-23,0.0,Seasonal_Naive
10,47,2012-11-02,0.0,Seasonal_Naive
10,47,2012-11-09,0.0,Seasonal_Naive
10,47,2012-11-16,98.0,Seasonal_Naive
10,47,2012-11-23,0.0,Seasonal_Naive
10,78,2012-11-02,0.0,Seasonal_Naive
10,78,2012-11-09,0.0,Seasonal_Naive
10,78,2012-11-16,0.0,Seasonal_Naive
10,78,2012-11-23,0.0,Seasonal_Naive
11,47,2012-11-02,0.0,Seasonal_Naive
11,47,2012-11-09,0.0,Seasonal_Naive
11,47,2012-11-16,0.0,Seasonal_Naive
11,47,2012-11-23,0.0,Seasonal_Naive
12,45,2012-11-02,0.0,Seasonal_Naive
12,45,2012-11-09,0.0,Seasonal_Naive
12,45,2012-11-16,11.97,Seasonal_Naive
12,45,2012-11-23,23.94,Seasonal_Naive
13,45,2012-11-02,31.88,Seasonal_Naive
13,45,2012-11-09,0.0,Seasonal_Naive
13,45,2012-11-16,0.0,Seasonal_Naive
13,45,2012-11-23,27.88,Seasonal_Naive
17,51,2012-11-02,3.36,Seasonal_Naive
17,51,2012-11-09,0.0,Seasonal_Naive
17,51,2012-11-16,0.0,Seasonal_Naive
17,51,2012-11-23,0.0,Seasonal_Naive
18,51,2012-11-02,0.0,Seasonal_Naive
18,51,2012-11-09,0.0,Seasonal_Naive
18,51,2012-11-16,0.0,Seasonal_Naive
18,51,2012-11-23,0.0,Seasonal_Naive
19,19,2012-11-02,0.0,Seasonal_Naive
19,19,2012-11-09,0.0,Seasonal_Naive
19,19,2012-11-16,0.0,Seasonal_Naive
19,19,2012-11-23,0.0,Seasonal_Naive
19,51,2012-11-02,0.0,Seasonal_Naive
19,51,2012-11-09,0.0,Seasonal_Naive
19,51,2012-11-16,0.0,Seasonal_Naive
19,51,2012-11-23,0.0,Seasonal_Naive
20,47,2012-11-02,0.0,Seasonal_Naive
20,47,2012-11-09,0.0,Seasonal_Naive
20,47,2012-11-16,40.0,Seasonal_Naive
20,47,2012-11-23,0.0,Seasonal_Naive
20,96,2012-11-02,0.0,Seasonal_Naive
20,96,2012-11-09,0.0,Seasonal_Naive
20,96,2012-11-16,0.0,Seasonal_Naive
20,96,2012-11-23,0.0,Seasonal_Naive
21,47,2012-11-02,224.0,Seasonal_Naive
21,47,2012-11-09,0.0,Seasonal_Naive
21,47,2012-11-16,0.0,Seasonal_Naive
21,47,2012-11-23,0.0,Seasonal_Naive
27,51,2012-11-02,0.0,Seasonal_Naive
27,51,2012-11-09,0.0,Seasonal_Naive
27,51,2012-11-16,0.0,Seasonal_Naive
27,51,2012-11-23,0.0,Seasonal_Naive
29,19,2012-11-02,14.0,Seasonal_Naive
29,19,2012-11-09,33.0,Seasonal_Naive
29,19,2012-11-16,7.0,Seasonal_Naive
29,19,2012-11-23,0.0,Seasonal_Naive
29,51,2012-11-02,0.0,Seasonal_Naive
29,51,2012-11-09,0.0,Seasonal_Naive
29,51,2012-11-16,0.0,Seasonal_Naive
29,51,2012-11-23,0.0,Seasonal_Naive
30,24,2012-11-02,0.0,Seasonal_Naive
30,24,2012-11-09,0.0,Seasonal_Naive
30,24,2012-11-16,14.56,Seasonal_Naive
30,24,2012-11-23,0.0,Seasonal_Naive
30,41,2012-11-02,0.0,Seasonal_Naive
30,41,2012-11-09,0.0,Seasonal_Naive
30,41,2012-11-16,18.75,Seasonal_Naive
30,41,2012-11-23,7.25,Seasonal_Naive
30,99,2012-11-02,0.0,Seasonal_Naive
30,99,2012-11-09,0.0,Seasonal_Naive
30,99,2012-11-16,0.0,Seasonal_Naive
30,99,2012-11-23,0.0,Seasonal_Naive
31,51,2012-11-02,0.0,Seasonal_Naive
31,51,2012-11-09,0.0,Seasonal_Naive
31,51,2012-11-16,0.0,Seasonal_Naive
31,51,2012-11-23,0.0,Seasonal_Naive
33,35,2012-11-02,15.0,Seasonal_Naive
33,35,2012-11-09,15.0,Seasonal_Naive
33,35,2012-11-16,0.0,Seasonal_Naive
33,35,2012-11-23,0.0,Seasonal_Naive
34,19,2012-11-02,0.0,Seasonal_Naive
34,19,2012-11-09,0.0,Seasonal_Naive
34,19,2012-11-16,5.0,Seasonal_Naive
34,19,2012-11-23,0.0,Seasonal_Naive
34,51,2012-11-02,0.75,Seasonal_Naive
34,51,2012-11-09,0.0,Seasonal_Naive
34,51,2012-11-16,0.0,Seasonal_Naive
34,51,2012-11-23,0.0,Seasonal_Naive
35,51,2012-11-02,0.0,Seasonal_Naive
35,51,2012-11-09,13.12,Seasonal_Naive
35,51,2012-11-16,0.0,Seasonal_Naive
35,51,2012-11-23,0.0,Seasonal_Naive
38,23,2012-11-02,17.94,Seasonal_Naive
38,23,2012-11-09,11.54,Seasonal_Naive
38,23,2012-11-16,5.77,Seasonal_Naive
38,23,2012-11-23,5.77,Seasonal_Naive
38,27,2012-11-02,5.77,Seasonal_Naive
38,27,2012-11-09,5.77,Seasonal_Naive
38,27,2012-11-16,0.0,Seasonal_Naive
38,27,2012-11-23,11.54,Seasonal_Naive
38,33,2012-11-02,0.0,Seasonal_Naive
38,33,2012-11-09,0.1,Seasonal_Naive
38,33,2012-11-16,0.0,Seasonal_Naive
38,33,2012-11-23,0.0,Seasonal_Naive
38,56,2012-11-02,14.88,Seasonal_Naive
38,56,2012-11-09,29.76,Seasonal_Naive
38,56,2012-11-16,59.52,Seasonal_Naive
38,56,2012-11-23,120.26,Seasonal_Naive
40,45,2012-11-02,0.0,Seasonal_Naive
40,45,2012-11-09,11.97,Seasonal_Naive
40,45,2012-11-16,5.97,Seasonal_Naive
40,45,2012-11-23,5.97,Seasonal_Naive
42,44,2012-11-02,0.0,Seasonal_Naive
42,44,2012-11-09,0.0,Seasonal_Naive
42,44,2012-11-16,0.0,Seasonal_Naive
42,44,2012-11-23,0.0,Seasonal_Naive
43,20,2012-11-02,28.0,Seasonal_Naive
43,20,2012-11-09,4.0,Seasonal_Naive
43,20,2012-11-16,14.81,Seasonal_Naive
43,20,2012-11-23,8.0,Seasonal_Naive
43,26,2012-11-02,0.0,Seasonal_Naive
43,26,2012-11-09,0.0,Seasonal_Naive
43,26,2012-11-16,0.0,Seasonal_Naive
43,26,2012-11-23,0.0,Seasonal_Naive
43,85,2012-11-02,1.14,Seasonal_Naive
43,85,2012-11-09,3.12,Seasonal_Naive
43,85,2012-11-16,0.0,Seasonal_Naive
43,85,2012-11-23,0.0,Seasonal_Naive
44,71,2012-11-02,0.0,Seasonal_Naive
44,71,2012-11-09,0.0,Seasonal_Naive
44,71,2012-11-16,0.0,Seasonal_Naive
44,71,2012-11-23,0.0,Seasonal_Naive
45,47,2012-11-02,0.0,Seasonal_Naive
45,47,2012-11-09,0.0,Seasonal_Naive
45,47,2012-11-16,0.0,Seasonal_Naive
45,47,2012-11-23,0.0,Seasonal_Naive
45,49,2012-11-02,59.4,Seasonal_Naive
45,49,2012-11-09,71.28,Seasonal_Naive
45,49,2012-11-16,62.51,Seasonal_Naive
45,49,2012-11-23,80.19,Seasonal_Naive
1,78,2012-11-02,0.0,Seasonal_Naive
1,78,2012-11-09,0.0,Seasonal_Naive
1,78,2012-11-16,0.0,Seasonal_Naive
1,78,2012-11-23,0.0,Seasonal_Naive
3,47,2012-11-02,0.0,Seasonal_Naive
3,47,2012-11-09,0.0,Seasonal_Naive
3,47,2012-11-16,0.0,Seasonal_Naive
3,47,2012-11-23,0.0,Seasonal_Naive
3,49,2012-11-02,5.94,Seasonal_Naive
3,49,2012-11-09,14.85,Seasonal_Naive
3,49,2012-11-16,5.94,Seasonal_Naive
3,49,2012-11-23,0.0,Seasonal_Naive
4,45,2012-11-02,0.0,Seasonal_Naive
4,45,2012-11-09,11.97,Seasonal_Naive
4,45,2012-11-16,0.0,Seasonal_Naive
4,45,2012-11-23,11.97,Seasonal_Naive
5,19,2012-11-02,0.0,Seasonal_Naive
5,19,2012-11-09,51.0,Seasonal_Naive
5,19,2012-11-16,85.0,Seasonal_Naive
5,19,2012-11-23,51.0,Seasonal_Naive
6,47,2012-11-02,0.0,Seasonal_Naive
6,47,2012-11-09,0.0,Seasonal_Naive
6,47,2012-11-16,0.0,Seasonal_Naive
6,47,2012-11-23,0.0,Seasonal_Naive
25,47,2012-11-02,0.0,Seasonal_Naive
25,47,2012-11-09,0.0,Seasonal_Naive
25,47,2012-11-16,0.0,Seasonal_Naive
25,47,2012-11-23,0.0,Seasonal_Naive
28,47,2012-11-02,198.0,Seasonal_Naive
28,47,2012-11-09,0.0,Seasonal_Naive
28,47,2012-11-16,0.0,Seasonal_Naive
28,47,2012-11-23,0.0,Seasonal_Naive
28,78,2012-11-02,0.0,Seasonal_Naive
28,78,2012-11-09,0.0,Seasonal_Naive
28,78,2012-11-16,0.0,Seasonal_Naive
28,78,2012-11-23,9.88,Seasonal_Naive
29,48,2012-11-02,0.0,Seasonal_Naive
29,48,2012-11-09,0.0,Seasonal_Naive
29,48,2012-11-16,0.0,Seasonal_Naive
29,48,2012-11-23,0.0,Seasonal_Naive
30,34,2012-11-02,0.0,Seasonal_Naive
30,34,2012-11-09,0.0,Seasonal_Naive
30,34,2012-11-16,0.0,Seasonal_Naive
30,34,2012-11-23,0.0,Seasonal_Naive
30,44,2012-11-02,0.0,Seasonal_Naive
30,44,2012-11-09,0.0,Seasonal_Naive
30,44,2012-11-16,0.0,Seasonal_Naive
30,44,2012-11-23,0.0,Seasonal_Naive
33,71,2012-11-02,0.0,Seasonal_Naive
33,71,2012-11-09,0.0,Seasonal_Naive
33,71,2012-11-16,0.0,Seasonal_Naive
33,71,2012-11-23,0.0,Seasonal_Naive
35,19,2012-11-02,0.0,Seasonal_Naive
35,19,2012-11-09,0.0,Seasonal_Naive
35,19,2012-11-16,0.0,Seasonal_Naive
35,19,2012-11-23,0.0,Seasonal_Naive
43,22,2012-11-02,0.0,Seasonal_Naive
43,22,2012-11-09,52.0,Seasonal_Naive
43,22,2012-11-16,120.0,Seasonal_Naive
43,22,2012-11-23,4.0,Seasonal_Naive
2,39,2012-11-02,0.0,Seasonal_Naive
2,39,2012-11-09,0.0,Seasonal_Naive
2,39,2012-11-16,0.0,Seasonal_Naive
2,39,2012-11-23,0.0,Seasonal_Naive
7,99,2012-11-02,0.0,Seasonal_Naive
7,99,2012-11-09,0.0,Seasonal_Naive
7,99,2012-11-16,0.0,Seasonal_Naive
7,99,2012-11-23,0.0,Seasonal_Naive
11,78,2012-11-02,0.0,Seasonal_Naive
11,78,2012-11-09,0.0,Seasonal_Naive
11,78,2012-11-16,0.0,Seasonal_Naive
11,78,2012-11-23,0.0,Seasonal_Naive
20,78,2012-11-02,0.0,Seasonal_Naive
20,78,2012-11-09,0.0,Seasonal_Naive
20,78,2012-11-16,0.0,Seasonal_Naive
20,78,2012-11-23,0.0,Seasonal_Naive
29,43,2012-11-02,0.0,Seasonal_Naive
29,43,2012-11-09,0.0,Seasonal_Naive
29,43,2012-11-16,0.0,Seasonal_Naive
29,43,2012-11-23,0.0,Seasonal_Naive
36,72,2012-11-02,0.0,Seasonal_Naive
36,72,2012-11-09,0.0,Seasonal_Naive
36,72,2012-11-16,0.0,Seasonal_Naive
36,72,2012-11-23,0.0,Seasonal_Naive
42,41,2012-11-02,0.0,Seasonal_Naive
42,41,2012-11-09,0.0,Seasonal_Naive
42,41,2012-11-16,0.0,Seasonal_Naive
42,41,2012-11-23,0.0,Seasonal_Naive
43,49,2012-11-02,0.0,Seasonal_Naive
43,49,2012-11-09,0.0,Seasonal_Naive
43,49,2012-11-16,0.0,Seasonal_Naive
43,49,2012-11-23,0.0,Seasonal_Naive
1,47,2012-11-02,0.0,Seasonal_Naive
1,47,2012-11-09,0.0,Seasonal_Naive
1,47,2012-11-16,0.0,Seasonal_Naive
1,47,2012-11-23,0.0,Seasonal_Naive
3,78,2012-11-02,0.0,Seasonal_Naive
3,78,2012-11-09,0.0,Seasonal_Naive
3,78,2012-11-16,0.0,Seasonal_Naive
3,78,2012-11-23,0.0,Seasonal_Naive
5,51,2012-11-02,0.0,Seasonal_Naive
5,51,2012-11-09,0.0,Seasonal_Naive
5,51,2012-11-16,0.0,Seasonal_Naive
5,51,2012-11-23,0.0,Seasonal_Naive
6,78,2012-11-02,0.0,Seasonal_Naive
6,78,2012-11-09,0.0,Seasonal_Naive
6,78,2012-11-16,0.0,Seasonal_Naive
6,78,2012-11-23,0.0,Seasonal_Naive
8,51,2012-11-02,0.0,Seasonal_Naive
8,51,2012-11-09,0.0,Seasonal_Naive
8,51,2012-11-16,0.0,Seasonal_Naive
8,51,2012-11-23,0.0,Seasonal_Naive
9,51,2012-11-02,0.0,Seasonal_Naive
9,51,2012-11-09,0.0,Seasonal_Naive
9,51,2012-11-16,0.0,Seasonal_Naive
9,51,2012-11-23,0.0,Seasonal_Naive
42,24,2012-11-02,0.0,Seasonal_Naive
42,24,2012-11-09,0.0,Seasonal_Naive
42,24,2012-11-16,0.0,Seasonal_Naive
42,24,2012-11-23,0.0,Seasonal_Naive
33,72,2012-11-02,0.0,Seasonal_Naive
33,72,2012-11-09,0.0,Seasonal_Naive
33,72,2012-11-16,0.0,Seasonal_Naive
33,72,2012-11-23,0.0,Seasonal_Naive
25,96,2012-11-02,0.0,Seasonal_Naive
25,96,2012-11-09,0.0,Seasonal_Naive
25,96,2012-11-16,0.0,Seasonal_Naive
25,96,2012-11-23,0.0,Seasonal_Naive
38,55,2012-11-02,0.0,Seasonal_Naive
38,55,2012-11-09,0.0,Seasonal_Naive
38,55,2012-11-16,0.0,Seasonal_Naive
38,55,2012-11-23,0.0,Seasonal_Naive
45,78,2012-11-02,0.0,Seasonal_Naive
45,78,2012-11-09,0.0,Seasonal_Naive
45,78,2012-11-16,0.0,Seasonal_Naive
45,78,2012-11-23,0.0,Seasonal_Naive
18,48,2012-11-02,0.0,Seasonal_Naive
18,48,2012-11-09,0.0,Seasonal_Naive
18,48,2012-11-16,0.0,Seasonal_Naive
18,48,2012-11-23,0.0,Seasonal_Naive
21,78,2012-11-02,0.0,Seasonal_Naive
21,78,2012-11-09,0.0,Seasonal_Naive
21,78,2012-11-16,0.0,Seasonal_Naive
21,78,2012-11-23,0.0,Seasonal_Naive
45,96,2012-11-02,0.0,Seasonal_Naive
45,96,2012-11-09,0.0,Seasonal_Naive
45,96,2012-11-16,0.0,Seasonal_Naive
45,96,2012-11-23,0.0,Seasonal_Naive
15,37,2012-11-02,0.0,Seasonal_Naive
15,37,2012-11-09,0.0,Seasonal_Naive
15,37,2012-11-16,0.0,Seasonal_Naive
15,37,2012-11-23,0.0,Seasonal_Naive
36,71,2012-11-02,0.0,Seasonal_Naive
36,71,2012-11-09,0.0,Seasonal_Naive
36,71,2012-11-16,0.0,Seasonal_Naive
36,71,2012-11-23,0.0,Seasonal_Naive
41,37,2012-11-02,0.0,Seasonal_Naive
41,37,2012-11-09,0.0,Seasonal_Naive
41,37,2012-11-16,0.0,Seasonal_Naive
41,37,2012-11-23,0.0,Seasonal_Naive
16,99,2012-11-02,0.0,Seasonal_Naive
16,99,2012-11-09,0.0,Seasonal_Naive
16,99,2012-11-16,0.0,Seasonal_Naive
16,99,2012-11-23,0.0,Seasonal_Naive
37,71,2012-11-02,0.0,Seasonal_Naive
37,71,2012-11-09,0.0,Seasonal_Naive
37,71,2012-11-16,0.0,Seasonal_Naive
37,71,2012-11-23,0.0,Seasonal_Naive
36,29,2012-11-02,0.0,Seasonal_Naive
36,29,2012-11-09,0.0,Seasonal_Naive
36,29,2012-11-16,0.0,Seasonal_Naive
36,29,2012-11-23,0.0,Seasonal_Naive
15,99,2012-11-02,0.0,Seasonal_Naive
15,99,2012-11-09,0.0,Seasonal_Naive
15,99,2012-11-16,0.0,Seasonal_Naive
15,99,2012-11-23,0.0,Seasonal_Naive
22,99,2012-11-02,0.0,Seasonal_Naive
22,99,2012-11-09,0.0,Seasonal_Naive
22,99,2012-11-16,0.0,Seasonal_Naive
22,99,2012-11-23,0.0,Seasonal_Naive
42,34,2012-11-02,0.0,Seasonal_Naive
42,34,2012-11-09,0.0,Seasonal_Naive
42,34,2012-11-16,0.0,Seasonal_Naive
42,34,2012-11-23,0.0,Seasonal_Naive
21,96,2012-11-02,0.0,Seasonal_Naive
21,96,2012-11-09,0.0,Seasonal_Naive
21,96,2012-11-16,0.0,Seasonal_Naive
21,96,2012-11-23,0.0,Seasonal_Naive
22,49,2012-11-02,0.0,Seasonal_Naive
22,49,2012-11-09,0.0,Seasonal_Naive
22,49,2012-11-16,8.91,Seasonal_Naive
22,49,2012-11-23,20.79,Seasonal_Naive
22,96,2012-11-02,0.0,Seasonal_Naive
22,96,2012-11-09,0.0,Seasonal_Naive
22,96,2012-11-16,0.0,Seasonal_Naive
22,96,2012-11-23,0.0,Seasonal_Naive
24,60,2012-11-02,132.0,Seasonal_Naive
24,60,2012-11-09,44.0,Seasonal_Naive
24,60,2012-11-16,114.4,Seasonal_Naive
24,60,2012-11-23,96.8,Seasonal_Naive
24,78,2012-11-02,0.0,Seasonal_Naive
24,78,2012-11-09,0.0,Seasonal_Naive
24,78,2012-11-16,0.0,Seasonal_Naive
24,78,2012-11-23,0.0,Seasonal_Naive
26,47,2012-11-02,0.0,Seasonal_Naive
26,47,2012-11-09,0.0,Seasonal_Naive
26,47,2012-11-16,0.0,Seasonal_Naive
26,47,2012-11-23,0.0,Seasonal_Naive
26,60,2012-11-02,123.2,Seasonal_Naive
26,60,2012-11-09,123.2,Seasonal_Naive
26,60,2012-11-16,70.4,Seasonal_Naive
26,60,2012-11-23,61.6,Seasonal_Naive
13,51,2012-11-02,0.0,Seasonal_Naive
13,51,2012-11-09,0.0,Seasonal_Naive
13,51,2012-11-16,0.0,Seasonal_Naive
13,51,2012-11-23,0.0,Seasonal_Naive
15,47,2012-11-02,0.0,Seasonal_Naive
15,47,2012-11-09,0.0,Seasonal_Naive
15,47,2012-11-16,0.0,Seasonal_Naive
15,47,2012-11-23,0.0,Seasonal_Naive
15,60,2012-11-02,202.4,Seasonal_Naive
15,60,2012-11-09,79.2,Seasonal_Naive
15,60,2012-11-16,70.4,Seasonal_Naive
15,60,2012-11-23,105.6,Seasonal_Naive
16,47,2012-11-02,0.0,Seasonal_Naive
16,47,2012-11-09,0.0,Seasonal_Naive
16,47,2012-11-16,0.0,Seasonal_Naive
16,47,2012-11-23,0.0,Seasonal_Naive
16,49,2012-11-02,50.4,Seasonal_Naive
16,49,2012-11-09,53.46,Seasonal_Naive
16,49,2012-11-16,35.64,Seasonal_Naive
16,49,2012-11-23,65.34,Seasonal_Naive
16,60,2012-11-02,88.0,Seasonal_Naive
16,60,2012-11-09,123.2,Seasonal_Naive
16,60,2012-11-16,88.0,Seasonal_Naive
16,60,2012-11-23,35.2,Seasonal_Naive
18,45,2012-11-02,9.97,Seasonal_Naive
18,45,2012-11-09,0.0,Seasonal_Naive
18,45,2012-11-16,0.0,Seasonal_Naive
18,45,2012-11-23,35.91,Seasonal_Naive
19,45,2012-11-02,0.0,Seasonal_Naive
19,45,2012-11-09,0.0,Seasonal_Naive
19,45,2012-11-16,0.0,Seasonal_Naive
19,45,2012-11-23,0.0,Seasonal_Naive
30,20,2012-11-02,0.0,Seasonal_Naive
30,20,2012-11-09,0.0,Seasonal_Naive
30,20,2012-11-16,3.78,Seasonal_Naive
30,20,2012-11-23,11.34,Seasonal_Naive
30,22,2012-11-02,0.0,Seasonal_Naive
30,22,2012-11-09,0.0,Seasonal_Naive
30,22,2012-11-16,0.0,Seasonal_Naive
30,22,2012-11-23,0.0,Seasonal_Naive
30,26,2012-11-02,0.0,Seasonal_Naive
30,26,2012-11-09,0.0,Seasonal_Naive
30,26,2012-11-16,1.47,Seasonal_Naive
30,26,2012-11-23,12.0,Seasonal_Naive
30,49,2012-11-02,0.0,Seasonal_Naive
30,49,2012-11-09,0.0,Seasonal_Naive
30,49,2012-11-16,0.0,Seasonal_Naive
30,49,2012-11-23,0.0,Seasonal_Naive
31,45,2012-11-02,0.0,Seasonal_Naive
31,45,2012-11-09,0.0,Seasonal_Naive
31,45,2012-11-16,0.0,Seasonal_Naive
31,45,2012-11-23,0.0,Seasonal_Naive
33,6,2012-11-02,0.0,Seasonal_Naive
33,6,2012-11-09,0.0,Seasonal_Naive
33,6,2012-11-16,0.0,Seasonal_Naive
33,6,2012-11-23,0.0,Seasonal_Naive
33,23,2012-11-02,0.0,Seasonal_Naive
33,23,2012-11-09,0.0,Seasonal_Naive
33,23,2012-11-16,0.0,Seasonal_Naive
33,23,2012-11-23,0.0,Seasonal_Naive
33,31,2012-11-02,0.0,Seasonal_Naive
33,31,2012-11-09,0.0,Seasonal_Naive
33,31,2012-11-16,0.0,Seasonal_Naive
33,31,2012-11-23,0.0,Seasonal_Naive
33,32,2012-11-02,0.0,Seasonal_Naive
33,32,2012-11-09,0.0,Seasonal_Naive
33,32,2012-11-16,0.0,Seasonal_Naive
33,32,2012-11-23,0.0,Seasonal_Naive
36,6,2012-11-02,0.0,Seasonal_Naive
36,6,2012-11-09,0.0,Seasonal_Naive
36,6,2012-11-16,0.0,Seasonal_Naive
36,6,2012-11-23,0.0,Seasonal_Naive
36,12,2012-11-02,38.57,Seasonal_Naive
36,12,2012-11-09,18.61,Seasonal_Naive
36,12,2012-11-16,39.26,Seasonal_Naive
36,12,2012-11-23,58.81,Seasonal_Naive
36,23,2012-11-02,0.0,Seasonal_Naive
36,23,2012-11-09,0.0,Seasonal_Naive
36,23,2012-11-16,0.0,Seasonal_Naive
36,23,2012-11-23,0.0,Seasonal_Naive
36,31,2012-11-02,0.0,Seasonal_Naive
36,31,2012-11-09,0.0,Seasonal_Naive
36,31,2012-11-16,0.0,Seasonal_Naive
36,31,2012-11-23,0.0,Seasonal_Naive
36,32,2012-11-02,0.0,Seasonal_Naive
36,32,2012-11-09,0.0,Seasonal_Naive
36,32,2012-11-16,0.0,Seasonal_Naive
36,32,2012-11-23,0.0,Seasonal_Naive
37,23,2012-11-02,81.77,Seasonal_Naive
37,23,2012-11-09,75.85,Seasonal_Naive
37,23,2012-11-16,35.95,Seasonal_Naive
37,23,2012-11-23,56.16,Seasonal_Naive
37,27,2012-11-02,44.22,Seasonal_Naive
37,27,2012-11-09,29.48,Seasonal_Naive
37,27,2012-11-16,34.62,Seasonal_Naive
37,27,2012-11-23,14.74,Seasonal_Naive
37,32,2012-11-02,0.0,Seasonal_Naive
37,32,2012-11-09,0.0,Seasonal_Naive
37,32,2012-11-16,0.0,Seasonal_Naive
37,32,2012-11-23,0.0,Seasonal_Naive
37,55,2012-11-02,0.0,Seasonal_Naive
37,55,2012-11-09,0.0,Seasonal_Naive
37,55,2012-11-16,0.0,Seasonal_Naive
37,55,2012-11-23,0.0,Seasonal_Naive
38,35,2012-11-02,0.0,Seasonal_Naive
38,35,2012-11-09,0.0,Seasonal_Naive
38,35,2012-11-16,0.0,Seasonal_Naive
38,35,2012-11-23,0.0,Seasonal_Naive
39,47,2012-11-02,0.0,Seasonal_Naive
39,47,2012-11-09,0.0,Seasonal_Naive
39,47,2012-11-16,0.0,Seasonal_Naive
39,47,2012-11-23,0.0,Seasonal_Naive
40,19,2012-11-02,0.0,Seasonal_Naive
40,19,2012-11-09,0.0,Seasonal_Naive
40,19,2012-11-16,0.0,Seasonal_Naive
40,19,2012-11-23,0.0,Seasonal_Naive
40,51,2012-11-02,0.0,Seasonal_Naive
40,51,2012-11-09,0.0,Seasonal_Naive
40,51,2012-11-16,0.0,Seasonal_Naive
40,51,2012-11-23,0.0,Seasonal_Naive
41,47,2012-11-02,0.0,Seasonal_Naive
41,47,2012-11-09,0.0,Seasonal_Naive
41,47,2012-11-16,0.0,Seasonal_Naive
41,47,2012-11-23,0.0,Seasonal_Naive
42,20,2012-11-02,0.0,Seasonal_Naive
42,20,2012-11-09,42.0,Seasonal_Naive
42,20,2012-11-16,0.0,Seasonal_Naive
42,20,2012-11-23,7.94,Seasonal_Naive
42,26,2012-11-02,0.0,Seasonal_Naive
42,26,2012-11-09,0.0,Seasonal_Naive
42,26,2012-11-16,0.0,Seasonal_Naive
42,26,2012-11-23,7.24,Seasonal_Naive
42,49,2012-11-02,0.0,Seasonal_Naive
42,49,2012-11-09,0.0,Seasonal_Naive
42,49,2012-11-16,0.0,Seasonal_Naive
42,49,2012-11-23,0.0,Seasonal_Naive
43,44,2012-11-02,0.0,Seasonal_Naive
43,44,2012-11-09,0.0,Seasonal_Naive
43,44,2012-11-16,0.0,Seasonal_Naive
43,44,2012-11-23,0.0,Seasonal_Naive
44,23,2012-11-02,16.44,Seasonal_Naive
44,23,2012-11-09,5.77,Seasonal_Naive
44,23,2012-11-16,5.77,Seasonal_Naive
44,23,2012-11-23,0.0,Seasonal_Naive
44,27,2012-11-02,14.74,Seasonal_Naive
44,27,2012-11-09,14.74,Seasonal_Naive
44,27,2012-11-16,8.97,Seasonal_Naive
44,27,2012-11-23,8.97,Seasonal_Naive
44,31,2012-11-02,4.48,Seasonal_Naive
44,31,2012-11-09,0.0,Seasonal_Naive
44,31,2012-11-16,40.8,Seasonal_Naive
44,31,2012-11-23,0.0,Seasonal_Naive
44,33,2012-11-02,0.0,Seasonal_Naive
44,33,2012-11-09,0.0,Seasonal_Naive
44,33,2012-11-16,0.0,Seasonal_Naive
44,33,2012-11-23,0.0,Seasonal_Naive
2,78,2012-11-02,0.0,Seasonal_Naive
2,78,2012-11-09,0.0,Seasonal_Naive
2,78,2012-11-16,0.0,Seasonal_Naive
2,78,2012-11-23,0.0,Seasonal_Naive
5,45,2012-11-02,21.94,Seasonal_Naive
5,45,2012-11-09,9.97,Seasonal_Naive
5,45,2012-11-16,0.0,Seasonal_Naive
5,45,2012-11-23,71.82,Seasonal_Naive
5,98,2012-11-02,28.5,Seasonal_Naive
5,98,2012-11-09,0.0,Seasonal_Naive
5,98,2012-11-16,0.0,Seasonal_Naive
5,98,2012-11-23,0.0,Seasonal_Naive
7,47,2012-11-02,0.0,Seasonal_Naive
7,47,2012-11-09,0.0,Seasonal_Naive
7,47,2012-11-16,0.0,Seasonal_Naive
7,47,2012-11-23,0.0,Seasonal_Naive
7,49,2012-11-02,8.91,Seasonal_Naive
7,49,2012-11-09,23.76,Seasonal_Naive
7,49,2012-11-16,35.64,Seasonal_Naive
7,49,2012-11-23,17.82,Seasonal_Naive
9,45,2012-11-02,0.0,Seasonal_Naive
9,45,2012-11-09,0.0,Seasonal_Naive
9,45,2012-11-16,0.0,Seasonal_Naive
9,45,2012-11-23,0.0,Seasonal_Naive
9,80,2012-11-02,0.0,Seasonal_Naive
9,80,2012-11-09,0.0,Seasonal_Naive
9,80,2012-11-16,0.0,Seasonal_Naive
9,80,2012-11-23,0.0,Seasonal_Naive
9,93,2012-11-02,0.0,Seasonal_Naive
9,93,2012-11-09,0.0,Seasonal_Naive
9,93,2012-11-16,0.0,Seasonal_Naive
9,93,2012-11-23,0.0,Seasonal_Naive
9,98,2012-11-02,18.75,Seasonal_Naive
9,98,2012-11-09,15.75,Seasonal_Naive
9,98,2012-11-16,42.0,Seasonal_Naive
9,98,2012-11-23,60.75,Seasonal_Naive
12,51,2012-11-02,0.0,Seasonal_Naive
12,51,2012-11-09,0.0,Seasonal_Naive
12,51,2012-11-16,0.0,Seasonal_Naive
12,51,2012-11-23,0.0,Seasonal_Naive
14,47,2012-11-02,0.0,Seasonal_Naive
14,47,2012-11-09,0.0,Seasonal_Naive
14,47,2012-11-16,0.0,Seasonal_Naive
14,47,2012-11-23,0.0,Seasonal_Naive
14,96,2012-11-02,0.0,Seasonal_Naive
14,96,2012-11-09,0.0,Seasonal_Naive
14,96,2012-11-16,0.0,Seasonal_Naive
14,96,2012-11-23,0.0,Seasonal_Naive
21,99,2012-11-02,0.0,Seasonal_Naive
21,99,2012-11-09,0.0,Seasonal_Naive
21,99,2012-11-16,0.0,Seasonal_Naive
21,99,2012-11-23,0.0,Seasonal_Naive
29,45,2012-11-02,0.0,Seasonal_Naive
29,45,2012-11-09,0.0,Seasonal_Naive
29,45,2012-11-16,0.0,Seasonal_Naive
29,45,2012-11-23,0.0,Seasonal_Naive
32,47,2012-11-02,0.0,Seasonal_Naive
32,47,2012-11-09,0.0,Seasonal_Naive
32,47,2012-11-16,0.0,Seasonal_Naive
32,47,2012-11-23,0.0,Seasonal_Naive
33,33,2012-11-02,14.94,Seasonal_Naive
33,33,2012-11-09,0.0,Seasonal_Naive
33,33,2012-11-16,0.0,Seasonal_Naive
33,33,2012-11-23,0.0,Seasonal_Naive
33,36,2012-11-02,0.0,Seasonal_Naive
33,36,2012-11-09,0.0,Seasonal_Naive
33,36,2012-11-16,0.0,Seasonal_Naive
33,36,2012-11-23,0.0,Seasonal_Naive
34,45,2012-11-02,0.0,Seasonal_Naive
34,45,2012-11-09,11.97,Seasonal_Naive
34,45,2012-11-16,0.0,Seasonal_Naive
34,45,2012-11-23,0.0,Seasonal_Naive
35,45,2012-11-02,0.0,Seasonal_Naive
35,45,2012-11-09,0.0,Seasonal_Naive
35,45,2012-11-16,0.0,Seasonal_Naive
35,45,2012-11-23,0.0,Seasonal_Naive
36,33,2012-11-02,0.0,Seasonal_Naive
36,33,2012-11-09,0.0,Seasonal_Naive
36,33,2012-11-16,0.0,Seasonal_Naive
36,33,2012-11-23,0.0,Seasonal_Naive
36,36,2012-11-02,0.0,Seasonal_Naive
36,36,2012-11-09,0.0,Seasonal_Naive
36,36,2012-11-16,0.0,Seasonal_Naive
36,36,2012-11-23,0.0,Seasonal_Naive
38,29,2012-11-02,0.0,Seasonal_Naive
38,29,2012-11-09,0.0,Seasonal_Naive
38,29,2012-11-16,0.0,Seasonal_Naive
38,29,2012-11-23,0.0,Seasonal_Naive
42,22,2012-11-02,0.0,Seasonal_Naive
42,22,2012-11-09,0.0,Seasonal_Naive
42,22,2012-11-16,0.0,Seasonal_Naive
42,22,2012-11-23,0.0,Seasonal_Naive
44,55,2012-11-02,0.0,Seasonal_Naive
44,55,2012-11-09,0.0,Seasonal_Naive
44,55,2012-11-16,0.0,Seasonal_Naive
44,55,2012-11-23,0.0,Seasonal_Naive
2,47,2012-11-02,0.0,Seasonal_Naive
2,47,2012-11-09,0.0,Seasonal_Naive
2,47,2012-11-16,59.5,Seasonal_Naive
2,47,2012-11-23,0.0,Seasonal_Naive
4,51,2012-11-02,0.0,Seasonal_Naive
4,51,2012-11-09,0.0,Seasonal_Naive
4,51,2012-11-16,0.0,Seasonal_Naive
4,51,2012-11-23,0.0,Seasonal_Naive
22,47,2012-11-02,0.0,Seasonal_Naive
22,47,2012-11-09,0.0,Seasonal_Naive
22,47,2012-11-16,0.0,Seasonal_Naive
22,47,2012-11-23,0.0,Seasonal_Naive
24,47,2012-11-02,0.0,Seasonal_Naive
24,47,2012-11-09,0.0,Seasonal_Naive
24,47,2012-11-16,0.0,Seasonal_Naive
24,47,2012-11-23,0.0,Seasonal_Naive
26,78,2012-11-02,0.0,Seasonal_Naive
26,78,2012-11-09,0.0,Seasonal_Naive
26,78,2012-11-16,0.0,Seasonal_Naive
26,78,2012-11-23,0.0,Seasonal_Naive
27,45,2012-11-02,0.0,Seasonal_Naive
27,45,2012-11-09,0.0,Seasonal_Naive
27,45,2012-11-16,0.0,Seasonal_Naive
27,45,2012-11-23,0.0,Seasonal_Naive
14,78,2012-11-02,0.0,Seasonal_Naive
14,78,2012-11-09,0.0,Seasonal_Naive
14,78,2012-11-16,0.0,Seasonal_Naive
14,78,2012-11-23,0.0,Seasonal_Naive
15,78,2012-11-02,0.0,Seasonal_Naive
15,78,2012-11-09,0.0,Seasonal_Naive
15,78,2012-11-16,0.0,Seasonal_Naive
15,78,2012-11-23,0.0,Seasonal_Naive
16,78,2012-11-02,0.0,Seasonal_Naive
16,78,2012-11-09,0.0,Seasonal_Naive
16,78,2012-11-16,0.0,Seasonal_Naive
16,78,2012-11-23,0.0,Seasonal_Naive
32,78,2012-11-02,0.0,Seasonal_Naive
32,78,2012-11-09,0.0,Seasonal_Naive
32,78,2012-11-16,0.0,Seasonal_Naive
32,78,2012-11-23,0.0,Seasonal_Naive
8,45,2012-11-02,0.0,Seasonal_Naive
8,45,2012-11-09,0.0,Seasonal_Naive
8,45,2012-11-16,0.0,Seasonal_Naive
8,45,2012-11-23,0.0,Seasonal_Naive
22,78,2012-11-02,0.0,Seasonal_Naive
22,78,2012-11-09,0.0,Seasonal_Naive
22,78,2012-11-16,0.0,Seasonal_Naive
22,78,2012-11-23,0.0,Seasonal_Naive
41,78,2012-11-02,0.0,Seasonal_Naive
41,78,2012-11-09,0.0,Seasonal_Naive
41,78,2012-11-16,0.0,Seasonal_Naive
41,78,2012-11-23,0.0,Seasonal_Naive
43,99,2012-11-02,0.0,Seasonal_Naive
43,99,2012-11-09,0.0,Seasonal_Naive
43,99,2012-11-16,50.0,Seasonal_Naive
43,99,2012-11-23,0.0,Seasonal_Naive
33,27,2012-11-02,0.0,Seasonal_Naive
33,27,2012-11-09,0.0,Seasonal_Naive
33,27,2012-11-16,0.0,Seasonal_Naive
33,27,2012-11-23,0.0,Seasonal_Naive
37,33,2012-11-02,0.0,Seasonal_Naive
37,33,2012-11-09,0.0,Seasonal_Naive
37,33,2012-11-16,0.0,Seasonal_Naive
37,33,2012-11-23,0.0,Seasonal_Naive
5,80,2012-11-02,0.0,Seasonal_Naive
5,80,2012-11-09,0.0,Seasonal_Naive
5,80,2012-11-16,0.0,Seasonal_Naive
5,80,2012-11-23,0.0,Seasonal_Naive
43,24,2012-11-02,0.0,Seasonal_Naive
43,24,2012-11-09,0.0,Seasonal_Naive
43,24,2012-11-16,0.0,Seasonal_Naive
43,24,2012-11-23,0.0,Seasonal_Naive
23,99,2012-11-02,0.0,Seasonal_Naive
23,99,2012-11-09,0.0,Seasonal_Naive
23,99,2012-11-16,0.0,Seasonal_Naive
23,99,2012-11-23,0.0,Seasonal_Naive
13,43,2012-11-02,0.0,Seasonal_Naive
13,43,2012-11-09,0.0,Seasonal_Naive
13,43,2012-11-16,0.0,Seasonal_Naive
13,43,2012-11-23,0.0,Seasonal_Naive
39,78,2012-11-02,0.0,Seasonal_Naive
39,78,2012-11-09,0.0,Seasonal_Naive
39,78,2012-11-16,0.0,Seasonal_Naive
39,78,2012-11-23,0.0,Seasonal_Naive
3,83,2012-11-02,0.0,Seasonal_Naive
3,83,2012-11-09,0.0,Seasonal_Naive
3,83,2012-11-16,0.0,Seasonal_Naive
3,83,2012-11-23,0.0,Seasonal_Naive
7,78,2012-11-02,0.0,Seasonal_Naive
7,78,2012-11-09,0.0,Seasonal_Naive
7,78,2012-11-16,0.0,Seasonal_Naive
7,78,2012-11-23,0.0,Seasonal_Naive
